Round 0,,,,,,,,,,
30,1850.439637,,,,,,,,,
60,1440.173158,,,,,,,,,
90,1069.425381,,,,,,,,,
120,945.0179512,,,,,,,,,
150,822.3507594,,,,,,,,,
180,903.6715376,,,,,,,,,
210,895.574351,,,,,,,,,
240,748.9866521,,,,,,,,,
270,646.9532064,,,,,,,,,
300,665.6766681,,,,,,,,,
330,821.7442573,,,,,,,,,
360,648.8473223,,,,,,,,,
390,738.330144,,,,,,,,,
420,787.7776179,,,,,,,,,
450,907.3319872,,,,,,,,,
480,922.4120145,,,,,,,,,
binary_GA_uniform_CO:,,,,,,,,,,
325.2484441,,,,,,,,,,
427,408,439,417,437,455,408,-294,390,392, 
time spent,18.8764925,,,,,,,,,
,,,,,,,,,,
30,1633.699316,,,,,,,,,
60,1378.842228,,,,,,,,,
90,1262.267817,,,,,,,,,
120,1113.078528,,,,,,,,,
150,1065.518555,,,,,,,,,
180,780.3473795,,,,,,,,,
210,796.3270025,,,,,,,,,
240,1071.706834,,,,,,,,,
270,984.7636442,,,,,,,,,
300,1026.849836,,,,,,,,,
330,706.8285609,,,,,,,,,
360,635.6757921,,,,,,,,,
390,817.5600169,,,,,,,,,
420,906.4174187,,,,,,,,,
450,567.511406,,,,,,,,,
480,411.0144582,,,,,,,,,
binary_GA_2point_CO:,,,,,,,,,,
293.1579028,,,,,,,,,,
406,386,416,417,420,424,385,-296,402,413, 
time spent,19.15401793,,,,,,,,,
,,,,,,,,,,
30,1247.976431,,,,,,,,,
60,278.7846407,,,,,,,,,
90,135.8031674,,,,,,,,,
120,78.83354211,,,,,,,,,
150,49.653887,,,,,,,,,
180,38.91660968,,,,,,,,,
210,18.73186719,,,,,,,,,
240,13.68636258,,,,,,,,,
270,11.0164779,,,,,,,,,
300,7.476395878,,,,,,,,,
330,7.246098579,,,,,,,,,
360,6.897875896,,,,,,,,,
390,6.897456944,,,,,,,,,
420,6.40666018,,,,,,,,,
450,5.990866274,,,,,,,,,
480,4.960578374,,,,,,,,,
real_GA_uniform_CO:,,,,,,,,,,
3.126974027,,,,,,,,,,
420.3920401,419.8132247,422.0774238,421.3673663,418.8974833,422.5697654,420.6600714,419.7395193,419.326563,417.7141726, 
time spent,7.455869913,,,,,,,,,
,,,,,,,,,,
30,1555.690672,,,,,,,,,
60,828.3602242,,,,,,,,,
90,408.1516077,,,,,,,,,
120,241.4092306,,,,,,,,,
150,102.9514864,,,,,,,,,
180,22.80384483,,,,,,,,,
210,5.092842068,,,,,,,,,
240,4.319886745,,,,,,,,,
270,3.473592833,,,,,,,,,
300,2.847012966,,,,,,,,,
330,1.936554614,,,,,,,,,
360,1.670476123,,,,,,,,,
390,1.59375315,,,,,,,,,
420,1.06502362,,,,,,,,,
450,1.011590722,,,,,,,,,
480,0.615794117,,,,,,,,,
real_GA_whole_arithmetic_CO:,,,,,,,,,,
0.245797625,,,,,,,,,,
420.9135787,421.2924479,421.4667402,419.9975168,420.8881556,421.0915727,421.5243399,421.3869771,421.0722022,420.6062401, 
time spent,7.866575718,,,,,,,,,
,,,,,,,,,,
Round 1,,,,,,,,,,
30,1789.665734,,,,,,,,,
60,1221.90999,,,,,,,,,
90,902.4793919,,,,,,,,,
120,591.0272914,,,,,,,,,
150,646.1832935,,,,,,,,,
180,765.2059029,,,,,,,,,
210,782.116696,,,,,,,,,
240,964.4684031,,,,,,,,,
270,865.7095375,,,,,,,,,
300,839.5536166,,,,,,,,,
330,868.1201781,,,,,,,,,
360,963.9722047,,,,,,,,,
390,931.1021692,,,,,,,,,
420,1050.379076,,,,,,,,,
450,1228.636538,,,,,,,,,
480,983.6553884,,,,,,,,,
binary_GA_uniform_CO:,,,,,,,,,,
286.5312378,,,,,,,,,,
-131,425,-275,414,405,430,403,393,443,439, 
time spent,19.60266423,,,,,,,,,
,,,,,,,,,,
30,1809.665257,,,,,,,,,
60,945.870371,,,,,,,,,
90,660.6457335,,,,,,,,,
120,792.2174888,,,,,,,,,
150,717.1852615,,,,,,,,,
180,606.8680578,,,,,,,,,
210,549.4014154,,,,,,,,,
240,673.4129409,,,,,,,,,
270,630.0905811,,,,,,,,,
300,654.2936127,,,,,,,,,
330,543.1136679,,,,,,,,,
360,424.8617822,,,,,,,,,
390,671.6039124,,,,,,,,,
420,704.305085,,,,,,,,,
450,649.5742339,,,,,,,,,
480,561.8751118,,,,,,,,,
binary_GA_2point_CO:,,,,,,,,,,
289.1580062,,,,,,,,,,
414,402,445,412,460,417,430,-507,426,409, 
time spent,16.66195965,,,,,,,,,
,,,,,,,,,,
30,1298.734328,,,,,,,,,
60,435.0741256,,,,,,,,,
90,161.7803,,,,,,,,,
120,81.4514637,,,,,,,,,
150,52.00586141,,,,,,,,,
180,37.01960966,,,,,,,,,
210,18.29400121,,,,,,,,,
240,16.9960654,,,,,,,,,
270,8.450650262,,,,,,,,,
300,6.451020493,,,,,,,,,
330,6.43370006,,,,,,,,,
360,5.421914752,,,,,,,,,
390,3.877199371,,,,,,,,,
420,3.397448125,,,,,,,,,
450,2.905694138,,,,,,,,,
480,2.796933465,,,,,,,,,
real_GA_uniform_CO:,,,,,,,,,,
2.587525103,,,,,,,,,,
422.7019728,422.537375,422.0396903,421.3988487,420.6223477,419.8618305,421.0540664,421.7577819,419.2180953,418.0223541, 
time spent,7.656745195,,,,,,,,,
,,,,,,,,,,
30,1911.456229,,,,,,,,,
60,1288.921772,,,,,,,,,
90,866.7782225,,,,,,,,,
120,494.0110171,,,,,,,,,
150,421.8088495,,,,,,,,,
180,293.7079941,,,,,,,,,
210,245.8581233,,,,,,,,,
240,162.1488348,,,,,,,,,
270,76.98017082,,,,,,,,,
300,26.69330139,,,,,,,,,
330,12.97675674,,,,,,,,,
360,9.669046755,,,,,,,,,
390,6.532682877,,,,,,,,,
420,0.73100531,,,,,,,,,
450,0.624468583,,,,,,,,,
480,0.624468583,,,,,,,,,
real_GA_whole_arithmetic_CO:,,,,,,,,,,
0.606461442,,,,,,,,,,
420.5196934,422.1082759,419.8172114,421.0074543,420.9692665,421.1362893,421.0215257,421.1733363,421.797534,422.0717697, 
time spent,7.895699978,,,,,,,,,
,,,,,,,,,,
Round 2,,,,,,,,,,
30,1415.026618,,,,,,,,,
60,1087.047462,,,,,,,,,
90,1152.336545,,,,,,,,,
120,1082.308056,,,,,,,,,
150,1010.124167,,,,,,,,,
180,870.4055693,,,,,,,,,
210,941.1136094,,,,,,,,,
240,716.4139653,,,,,,,,,
270,804.0929885,,,,,,,,,
300,742.4088776,,,,,,,,,
330,936.074196,,,,,,,,,
360,1033.437303,,,,,,,,,
390,961.4402816,,,,,,,,,
420,938.2985636,,,,,,,,,
450,834.5511097,,,,,,,,,
480,726.1581567,,,,,,,,,
binary_GA_uniform_CO:,,,,,,,,,,
655.2249559,,,,,,,,,,
448,-304,395,452,399,423,413,-304,454,409, 
time spent,17.60264182,,,,,,,,,
,,,,,,,,,,
30,1596.239687,,,,,,,,,
60,1068.166455,,,,,,,,,
90,967.9861968,,,,,,,,,
120,931.8542144,,,,,,,,,
150,916.4237434,,,,,,,,,
180,968.7298545,,,,,,,,,
210,1052.096746,,,,,,,,,
240,812.2350983,,,,,,,,,
270,491.8786084,,,,,,,,,
300,452.8787106,,,,,,,,,
330,654.0206514,,,,,,,,,
360,784.3606113,,,,,,,,,
390,819.6202862,,,,,,,,,
420,786.3771511,,,,,,,,,
450,657.5137711,,,,,,,,,
480,595.0993537,,,,,,,,,
binary_GA_2point_CO:,,,,,,,,,,
326.1939223,,,,,,,,,,
381,-287,426,432,403,411,425,416,431,408, 
time spent,16.57504344,,,,,,,,,
,,,,,,,,,,
30,1532.044048,,,,,,,,,
60,630.3700773,,,,,,,,,
90,253.8127251,,,,,,,,,
120,152.5182687,,,,,,,,,
150,71.15151297,,,,,,,,,
180,49.95205133,,,,,,,,,
210,24.02085638,,,,,,,,,
240,15.64591444,,,,,,,,,
270,11.38710144,,,,,,,,,
300,7.515773848,,,,,,,,,
330,4.880717518,,,,,,,,,
360,4.216909245,,,,,,,,,
390,3.938949633,,,,,,,,,
420,3.840221103,,,,,,,,,
450,2.977178038,,,,,,,,,
480,2.658814274,,,,,,,,,
real_GA_uniform_CO:,,,,,,,,,,
1.671712487,,,,,,,,,,
420.2041683,424.2436914,422.2272579,420.6883708,420.7342377,420.8170674,421.0931042,420.8054395,421.2573732,420.7186751, 
time spent,7.65857172,,,,,,,,,
,,,,,,,,,,
30,2533.66891,,,,,,,,,
60,1762.143996,,,,,,,,,
90,1150.9983,,,,,,,,,
120,864.4434596,,,,,,,,,
150,561.7178295,,,,,,,,,
180,405.0628739,,,,,,,,,
210,221.6799874,,,,,,,,,
240,154.7796692,,,,,,,,,
270,102.5524451,,,,,,,,,
300,40.25089692,,,,,,,,,
330,15.73189871,,,,,,,,,
360,11.45118548,,,,,,,,,
390,10.82930792,,,,,,,,,
420,8.065280229,,,,,,,,,
450,4.94122786,,,,,,,,,
480,4.740732177,,,,,,,,,
real_GA_whole_arithmetic_CO:,,,,,,,,,,
1.793129917,,,,,,,,,,
419.8821511,419.1146244,421.0322235,420.6992534,421.1380268,421.5117479,420.9277507,421.5416439,418.1700974,421.989728, 
time spent,7.796840668,,,,,,,,,
,,,,,,,,,,
Round 3,,,,,,,,,,
30,1478.080761,,,,,,,,,
60,1275.949647,,,,,,,,,
90,827.4756166,,,,,,,,,
120,784.3940296,,,,,,,,,
150,824.1728042,,,,,,,,,
180,825.9720041,,,,,,,,,
210,675.4101791,,,,,,,,,
240,574.9990186,,,,,,,,,
270,531.1543806,,,,,,,,,
300,578.1167612,,,,,,,,,
330,608.0560523,,,,,,,,,
360,587.7799264,,,,,,,,,
390,530.0577607,,,,,,,,,
420,535.4789611,,,,,,,,,
450,615.3269559,,,,,,,,,
480,633.7687724,,,,,,,,,
binary_GA_uniform_CO:,,,,,,,,,,
315.7933428,,,,,,,,,,
426,192,418,417,431,-313,419,394,411,447, 
time spent,18.16132069,,,,,,,,,
,,,,,,,,,,
30,1498.696371,,,,,,,,,
60,923.8070753,,,,,,,,,
90,657.4175148,,,,,,,,,
120,855.8301244,,,,,,,,,
150,820.5944693,,,,,,,,,
180,937.8062264,,,,,,,,,
210,991.1600403,,,,,,,,,
240,974.5727228,,,,,,,,,
270,984.6183596,,,,,,,,,
300,924.4616257,,,,,,,,,
330,792.6991798,,,,,,,,,
360,847.3070326,,,,,,,,,
390,945.0119209,,,,,,,,,
420,802.1229191,,,,,,,,,
450,749.5923521,,,,,,,,,
480,832.8483362,,,,,,,,,
binary_GA_2point_CO:,,,,,,,,,,
572.4378624,,,,,,,,,,
-319,414,432,419,420,454,-260,219,414,438, 
time spent,17.23386312,,,,,,,,,
,,,,,,,,,,
30,1557.191895,,,,,,,,,
60,455.2891158,,,,,,,,,
90,143.5367578,,,,,,,,,
120,55.72008622,,,,,,,,,
150,30.67141897,,,,,,,,,
180,24.47472161,,,,,,,,,
210,20.84108787,,,,,,,,,
240,16.44801994,,,,,,,,,
270,13.47447754,,,,,,,,,
300,11.57113695,,,,,,,,,
330,8.855625378,,,,,,,,,
360,4.960959693,,,,,,,,,
390,3.341430433,,,,,,,,,
420,2.581450233,,,,,,,,,
450,2.244317926,,,,,,,,,
480,1.629547938,,,,,,,,,
real_GA_uniform_CO:,,,,,,,,,,
1.569965735,,,,,,,,,,
420.6451675,421.5700134,421.0112887,419.6952109,423.1031288,419.8865507,420.9589541,421.1475222,422.7338128,419.7547321, 
time spent,7.42414093,,,,,,,,,
,,,,,,,,,,
30,2386.472893,,,,,,,,,
60,1641.333046,,,,,,,,,
90,1123.477537,,,,,,,,,
120,971.5481454,,,,,,,,,
150,680.1968338,,,,,,,,,
180,413.6756356,,,,,,,,,
210,139.9163985,,,,,,,,,
240,35.76850671,,,,,,,,,
270,20.93643589,,,,,,,,,
300,13.62346026,,,,,,,,,
330,6.209399415,,,,,,,,,
360,5.724230661,,,,,,,,,
390,5.726336433,,,,,,,,,
420,5.317211001,,,,,,,,,
450,5.111418233,,,,,,,,,
480,4.850342806,,,,,,,,,
real_GA_whole_arithmetic_CO:,,,,,,,,,,
3.942363023,,,,,,,,,,
421.1711461,421.4774077,420.1942434,420.8154918,421.3527474,419.7321676,420.1197415,417.6246086,424.0757024,418.3024162, 
time spent,8.085031986,,,,,,,,,
,,,,,,,,,,
Round 4,,,,,,,,,,
30,1626.894672,,,,,,,,,
60,1197.996948,,,,,,,,,
90,1063.679538,,,,,,,,,
120,1092.059925,,,,,,,,,
150,947.6865643,,,,,,,,,
180,793.817471,,,,,,,,,
210,763.1232226,,,,,,,,,
240,812.1434891,,,,,,,,,
270,1094.534444,,,,,,,,,
300,1142.123376,,,,,,,,,
330,1285.475228,,,,,,,,,
360,1082.421794,,,,,,,,,
390,1016.282919,,,,,,,,,
420,969.4644948,,,,,,,,,
450,910.792459,,,,,,,,,
480,809.2266009,,,,,,,,,
binary_GA_uniform_CO:,,,,,,,,,,
326.4115917,,,,,,,,,,
-330,421,417,433,-295,426,411,453,436,401, 
time spent,18.88813376,,,,,,,,,
,,,,,,,,,,
30,1648.955085,,,,,,,,,
60,1257.452336,,,,,,,,,
90,991.4980012,,,,,,,,,
120,859.7912404,,,,,,,,,
150,1002.720906,,,,,,,,,
180,928.3562463,,,,,,,,,
210,704.5676071,,,,,,,,,
240,855.3659305,,,,,,,,,
270,852.5971392,,,,,,,,,
300,1010.368741,,,,,,,,,
330,877.9807895,,,,,,,,,
360,450.0206974,,,,,,,,,
390,679.5050719,,,,,,,,,
420,686.1692632,,,,,,,,,
450,570.2289639,,,,,,,,,
480,459.4532331,,,,,,,,,
binary_GA_2point_CO:,,,,,,,,,,
293.0534243,,,,,,,,,,
413,431,425,-301,210,413,418,413,446,416, 
time spent,16.90646887,,,,,,,,,
,,,,,,,,,,
30,1199.285942,,,,,,,,,
60,450.9847773,,,,,,,,,
90,170.2613215,,,,,,,,,
120,54.89602422,,,,,,,,,
150,42.22954163,,,,,,,,,
180,29.8948723,,,,,,,,,
210,21.94226343,,,,,,,,,
240,17.16394833,,,,,,,,,
270,16.12616746,,,,,,,,,
300,15.61327468,,,,,,,,,
330,14.04764206,,,,,,,,,
360,12.38509037,,,,,,,,,
390,8.145483361,,,,,,,,,
420,6.960267767,,,,,,,,,
450,6.017646491,,,,,,,,,
480,5.274202121,,,,,,,,,
real_GA_uniform_CO:,,,,,,,,,,
5.274202121,,,,,,,,,,
421.0284765,420.4623221,419.7487102,415.3767031,422.2058806,423.2381818,420.4999921,420.459021,422.0039257,420.1574339, 
time spent,7.48747611,,,,,,,,,
,,,,,,,,,,
30,2404.759781,,,,,,,,,
60,1928.902767,,,,,,,,,
90,1471.211584,,,,,,,,,
120,964.9551634,,,,,,,,,
150,536.3500816,,,,,,,,,
180,452.835112,,,,,,,,,
210,364.1332126,,,,,,,,,
240,220.2623587,,,,,,,,,
270,75.01328336,,,,,,,,,
300,51.07399085,,,,,,,,,
330,29.4483659,,,,,,,,,
360,21.40335131,,,,,,,,,
390,15.96026744,,,,,,,,,
420,11.48634709,,,,,,,,,
450,10.32510852,,,,,,,,,
480,9.317895975,,,,,,,,,
real_GA_whole_arithmetic_CO:,,,,,,,,,,
7.089881247,,,,,,,,,,
421.0943244,420.3113942,418.4336805,421.4094699,419.6640446,426.6176929,423.0860131,418.5890539,420.3136083,423.1871189, 
time spent,7.79623127,,,,,,,,,
,,,,,,,,,,
Round 5,,,,,,,,,,
30,1775.102974,,,,,,,,,
60,830.7382417,,,,,,,,,
90,840.8233198,,,,,,,,,
120,870.1394467,,,,,,,,,
150,837.26617,,,,,,,,,
180,874.0724447,,,,,,,,,
210,898.4826732,,,,,,,,,
240,911.5644342,,,,,,,,,
270,1040.34149,,,,,,,,,
300,969.7130458,,,,,,,,,
330,1112.686381,,,,,,,,,
360,825.361944,,,,,,,,,
390,1041.868859,,,,,,,,,
420,970.4456875,,,,,,,,,
450,697.1529912,,,,,,,,,
480,855.2414237,,,,,,,,,
binary_GA_uniform_CO:,,,,,,,,,,
480.1123076,,,,,,,,,,
203,447,388,438,418,-296,412,434,446,-263, 
time spent,18.19205546,,,,,,,,,
,,,,,,,,,,
30,1377.018081,,,,,,,,,
60,1087.65638,,,,,,,,,
90,965.5982736,,,,,,,,,
120,1064.950266,,,,,,,,,
150,1195.033686,,,,,,,,,
180,947.1809362,,,,,,,,,
210,955.3392145,,,,,,,,,
240,1055.660502,,,,,,,,,
270,1081.327968,,,,,,,,,
300,951.5497153,,,,,,,,,
330,795.0529093,,,,,,,,,
360,763.2212297,,,,,,,,,
390,875.641251,,,,,,,,,
420,790.7356858,,,,,,,,,
450,742.6324399,,,,,,,,,
480,738.0184481,,,,,,,,,
binary_GA_2point_CO:,,,,,,,,,,
334.2446531,,,,,,,,,,
399,410,436,439,422,407,391,128,424,406, 
time spent,17.31351733,,,,,,,,,
,,,,,,,,,,
30,1288.27502,,,,,,,,,
60,396.8171869,,,,,,,,,
90,97.16538797,,,,,,,,,
120,52.4529462,,,,,,,,,
150,31.59279509,,,,,,,,,
180,26.60927919,,,,,,,,,
210,10.3872777,,,,,,,,,
240,4.773245204,,,,,,,,,
270,4.727284553,,,,,,,,,
300,4.543441949,,,,,,,,,
330,3.256762361,,,,,,,,,
360,2.367801914,,,,,,,,,
390,1.852003415,,,,,,,,,
420,0.577281892,,,,,,,,,
450,0.503798018,,,,,,,,,
480,0.484175766,,,,,,,,,
real_GA_uniform_CO:,,,,,,,,,,
0.484175766,,,,,,,,,,
420.0329204,421.7065757,421.3075475,420.7776595,419.8805522,420.8889954,420.9236911,420.215842,421.6134796,421.2680033, 
time spent,7.484294415,,,,,,,,,
,,,,,,,,,,
30,2421.15326,,,,,,,,,
60,1632.956579,,,,,,,,,
90,1081.415168,,,,,,,,,
120,611.9315585,,,,,,,,,
150,431.3860357,,,,,,,,,
180,242.4807495,,,,,,,,,
210,124.8620475,,,,,,,,,
240,98.11601959,,,,,,,,,
270,13.32556039,,,,,,,,,
300,9.312384374,,,,,,,,,
330,5.75377459,,,,,,,,,
360,2.772718972,,,,,,,,,
390,2.091771922,,,,,,,,,
420,1.439049603,,,,,,,,,
450,0.911501612,,,,,,,,,
480,0.740852096,,,,,,,,,
real_GA_whole_arithmetic_CO:,,,,,,,,,,
0.703551359,,,,,,,,,,
420.5189789,421.8252942,420.5305794,419.6995341,422.2120936,420.6428678,420.4357809,420.633236,420.0817411,420.9700801, 
time spent,8.532661915,,,,,,,,,
,,,,,,,,,,
Round 6,,,,,,,,,,
30,1634.227758,,,,,,,,,
60,1159.428784,,,,,,,,,
90,880.0380827,,,,,,,,,
120,629.5504975,,,,,,,,,
150,527.2672325,,,,,,,,,
180,660.604617,,,,,,,,,
210,749.8531707,,,,,,,,,
240,608.5274964,,,,,,,,,
270,340.3800035,,,,,,,,,
300,443.2223921,,,,,,,,,
330,506.0447676,,,,,,,,,
360,532.8526018,,,,,,,,,
390,662.2126624,,,,,,,,,
420,484.4859011,,,,,,,,,
450,494.8533375,,,,,,,,,
480,502.492952,,,,,,,,,
binary_GA_uniform_CO:,,,,,,,,,,
314.8953922,,,,,,,,,,
436,392,410,396,419,389,423,465,414,397, 
time spent,18.01900053,,,,,,,,,
,,,,,,,,,,
30,1579.235832,,,,,,,,,
60,929.721961,,,,,,,,,
90,813.9669612,,,,,,,,,
120,692.8097232,,,,,,,,,
150,740.4684821,,,,,,,,,
180,665.9842295,,,,,,,,,
210,683.5206437,,,,,,,,,
240,537.1425595,,,,,,,,,
270,628.0409184,,,,,,,,,
300,728.622591,,,,,,,,,
330,608.9159417,,,,,,,,,
360,436.2793718,,,,,,,,,
390,457.1405787,,,,,,,,,
420,517.3762351,,,,,,,,,
450,701.6555973,,,,,,,,,
480,706.0096729,,,,,,,,,
binary_GA_2point_CO:,,,,,,,,,,
329.026504,,,,,,,,,,
437,421,423,431,413,-300,445,452,402,-326, 
time spent,18.89813375,,,,,,,,,
,,,,,,,,,,
30,1391.590992,,,,,,,,,
60,405.3994074,,,,,,,,,
90,130.3326651,,,,,,,,,
120,42.55384815,,,,,,,,,
150,21.75438779,,,,,,,,,
180,14.87733261,,,,,,,,,
210,7.574326782,,,,,,,,,
240,6.909403344,,,,,,,,,
270,5.587600413,,,,,,,,,
300,2.384989991,,,,,,,,,
330,1.67721196,,,,,,,,,
360,1.604351301,,,,,,,,,
390,1.264308708,,,,,,,,,
420,1.225504973,,,,,,,,,
450,1.225504973,,,,,,,,,
480,1.225400141,,,,,,,,,
real_GA_uniform_CO:,,,,,,,,,,
1.222360025,,,,,,,,,,
423.3265826,420.2989116,420.9317454,421.407565,419.9940708,421.1534109,420.6865031,421.0506096,421.7928319,419.6528316, 
time spent,7.624926567,,,,,,,,,
,,,,,,,,,,
30,1963.978019,,,,,,,,,
60,1242.999257,,,,,,,,,
90,882.9412739,,,,,,,,,
120,599.5416962,,,,,,,,,
150,371.06,,,,,,,,,
180,391.0635356,,,,,,,,,
210,270.3219975,,,,,,,,,
240,158.5425332,,,,,,,,,
270,100.6073285,,,,,,,,,
300,74.88335608,,,,,,,,,
330,28.50266144,,,,,,,,,
360,16.35245038,,,,,,,,,
390,10.27254104,,,,,,,,,
420,4.236034497,,,,,,,,,
450,2.654973997,,,,,,,,,
480,2.597856148,,,,,,,,,
real_GA_whole_arithmetic_CO:,,,,,,,,,,
1.985328939,,,,,,,,,,
418.3851782,422.7826676,420.2515759,421.039009,420.8465383,422.1836381,421.0337727,422.6762081,421.6266559,420.3289954, 
time spent,7.889881849,,,,,,,,,
,,,,,,,,,,
Round 7,,,,,,,,,,
30,1703.63085,,,,,,,,,
60,1058.040631,,,,,,,,,
90,994.2991888,,,,,,,,,
120,976.4771087,,,,,,,,,
150,796.0770631,,,,,,,,,
180,768.3151667,,,,,,,,,
210,747.1824797,,,,,,,,,
240,908.850953,,,,,,,,,
270,881.6838943,,,,,,,,,
300,856.8567429,,,,,,,,,
330,850.5531674,,,,,,,,,
360,793.8785467,,,,,,,,,
390,771.1091948,,,,,,,,,
420,781.5207082,,,,,,,,,
450,420.253706,,,,,,,,,
480,410.854617,,,,,,,,,
binary_GA_uniform_CO:,,,,,,,,,,
373.9382835,,,,,,,,,,
436,433,424,448,-280,433,-315,429,423,428, 
time spent,18.60958719,,,,,,,,,
,,,,,,,,,,
30,1653.305764,,,,,,,,,
60,874.121495,,,,,,,,,
90,817.8505442,,,,,,,,,
120,770.2545788,,,,,,,,,
150,779.2660694,,,,,,,,,
180,644.324621,,,,,,,,,
210,632.8096888,,,,,,,,,
240,702.0500927,,,,,,,,,
270,601.1626038,,,,,,,,,
300,650.5837942,,,,,,,,,
330,628.1232802,,,,,,,,,
360,789.5697744,,,,,,,,,
390,847.3741809,,,,,,,,,
420,1092.980176,,,,,,,,,
450,881.1945801,,,,,,,,,
480,948.3883644,,,,,,,,,
binary_GA_2point_CO:,,,,,,,,,,
321.0058478,,,,,,,,,,
216,405,411,427,65,392,440,-270,429,411, 
time spent,17.12403059,,,,,,,,,
,,,,,,,,,,
30,1274.241905,,,,,,,,,
60,469.7994318,,,,,,,,,
90,188.5006877,,,,,,,,,
120,89.90874055,,,,,,,,,
150,41.90282431,,,,,,,,,
180,21.49743237,,,,,,,,,
210,17.53193049,,,,,,,,,
240,5.256437474,,,,,,,,,
270,4.658154022,,,,,,,,,
300,4.621079846,,,,,,,,,
330,4.657727236,,,,,,,,,
360,4.350980523,,,,,,,,,
390,2.919366368,,,,,,,,,
420,2.759376753,,,,,,,,,
450,1.543024579,,,,,,,,,
480,1.098493612,,,,,,,,,
real_GA_uniform_CO:,,,,,,,,,,
1.093832441,,,,,,,,,,
420.7509159,421.508202,419.1887721,421.4162342,420.4890474,421.3672708,421.3764125,418.8709428,421.0716147,420.9886143, 
time spent,8.607540607,,,,,,,,,
,,,,,,,,,,
30,2255.878645,,,,,,,,,
60,1395.61396,,,,,,,,,
90,870.0700107,,,,,,,,,
120,405.8886212,,,,,,,,,
150,277.8880728,,,,,,,,,
180,178.9371423,,,,,,,,,
210,52.41904055,,,,,,,,,
240,15.30477725,,,,,,,,,
270,8.283372739,,,,,,,,,
300,6.002346734,,,,,,,,,
330,2.570581904,,,,,,,,,
360,2.408661425,,,,,,,,,
390,2.117292742,,,,,,,,,
420,1.600953642,,,,,,,,,
450,1.303458611,,,,,,,,,
480,1.005102846,,,,,,,,,
real_GA_whole_arithmetic_CO:,,,,,,,,,,
0.831841151,,,,,,,,,,
419.8756522,420.9153792,421.5127166,420.0053716,421.1453736,420.7514571,422.816079,420.9526371,421.2784609,420.2066293, 
time spent,7.894026756,,,,,,,,,
,,,,,,,,,,
Round 8,,,,,,,,,,
30,1675.521808,,,,,,,,,
60,1215.79578,,,,,,,,,
90,1041.61222,,,,,,,,,
120,886.701419,,,,,,,,,
150,916.9877547,,,,,,,,,
180,936.2158233,,,,,,,,,
210,1097.636747,,,,,,,,,
240,1011.842044,,,,,,,,,
270,844.4990951,,,,,,,,,
300,569.5545355,,,,,,,,,
330,795.0405362,,,,,,,,,
360,1051.545195,,,,,,,,,
390,923.6959924,,,,,,,,,
420,1013.768519,,,,,,,,,
450,628.2811784,,,,,,,,,
480,683.5183164,,,,,,,,,
binary_GA_uniform_CO:,,,,,,,,,,
455.8919683,,,,,,,,,,
-314,429,419,434,394,-297,436,452,428,435, 
time spent,19.58245468,,,,,,,,,
,,,,,,,,,,
30,1518.261567,,,,,,,,,
60,793.2292007,,,,,,,,,
90,782.869872,,,,,,,,,
120,732.2012579,,,,,,,,,
150,676.3859488,,,,,,,,,
180,745.9145844,,,,,,,,,
210,629.7452569,,,,,,,,,
240,659.8206975,,,,,,,,,
270,619.5175489,,,,,,,,,
300,679.6186907,,,,,,,,,
330,776.7355882,,,,,,,,,
360,955.6043671,,,,,,,,,
390,1073.745494,,,,,,,,,
420,811.0493566,,,,,,,,,
450,883.420972,,,,,,,,,
480,870.4508486,,,,,,,,,
binary_GA_2point_CO:,,,,,,,,,,
424.5891529,,,,,,,,,,
379,396,385,-308,426,-349,442,424,435,415, 
time spent,18.13521528,,,,,,,,,
,,,,,,,,,,
30,1601.720156,,,,,,,,,
60,428.8519528,,,,,,,,,
90,130.4195266,,,,,,,,,
120,53.36184611,,,,,,,,,
150,20.82389042,,,,,,,,,
180,16.83261346,,,,,,,,,
210,13.86751652,,,,,,,,,
240,12.53021433,,,,,,,,,
270,11.39481201,,,,,,,,,
300,10.80758053,,,,,,,,,
330,8.759487573,,,,,,,,,
360,8.275462908,,,,,,,,,
390,7.465780505,,,,,,,,,
420,5.820632159,,,,,,,,,
450,4.379570446,,,,,,,,,
480,3.229732732,,,,,,,,,
real_GA_uniform_CO:,,,,,,,,,,
2.27706847,,,,,,,,,,
421.0573128,423.0175177,421.5079307,421.7153782,422.6016687,420.470139,421.771873,422.6353114,419.4915512,418.8541642, 
time spent,7.710247993,,,,,,,,,
,,,,,,,,,,
30,1666.92303,,,,,,,,,
60,778.4648287,,,,,,,,,
90,346.4194933,,,,,,,,,
120,203.7002388,,,,,,,,,
150,98.51875429,,,,,,,,,
180,23.35553402,,,,,,,,,
210,6.334419393,,,,,,,,,
240,4.511588374,,,,,,,,,
270,2.74063693,,,,,,,,,
300,1.988226254,,,,,,,,,
330,1.527587695,,,,,,,,,
360,1.231506182,,,,,,,,,
390,1.192174558,,,,,,,,,
420,1.192174558,,,,,,,,,
450,1.192174558,,,,,,,,,
480,1.190492064,,,,,,,,,
real_GA_whole_arithmetic_CO:,,,,,,,,,,
0.39877275,,,,,,,,,,
420.4696043,421.2135436,421.0366994,420.9187456,420.8645415,421.5269423,420.4763853,420.1460646,419.7099821,420.8372789, 
time spent,7.931157589,,,,,,,,,
,,,,,,,,,,
Round 9,,,,,,,,,,
30,1880.044366,,,,,,,,,
60,1308.456083,,,,,,,,,
90,895.0099471,,,,,,,,,
120,885.5535088,,,,,,,,,
150,869.6223565,,,,,,,,,
180,1022.401272,,,,,,,,,
210,1108.003433,,,,,,,,,
240,961.4292533,,,,,,,,,
270,880.7058787,,,,,,,,,
300,895.3028506,,,,,,,,,
330,772.0849656,,,,,,,,,
360,705.9670139,,,,,,,,,
390,553.3488975,,,,,,,,,
420,430.5167769,,,,,,,,,
450,519.6890486,,,,,,,,,
480,565.7010581,,,,,,,,,
binary_GA_uniform_CO:,,,,,,,,,,
167.7678793,,,,,,,,,,
411,434,196,420,454,407,421,417,427,427, 
time spent,19.28106117,,,,,,,,,
,,,,,,,,,,
30,1826.546291,,,,,,,,,
60,1188.686626,,,,,,,,,
90,984.0295848,,,,,,,,,
120,1059.923269,,,,,,,,,
150,995.1891759,,,,,,,,,
180,660.4827869,,,,,,,,,
210,612.1979038,,,,,,,,,
240,700.8187519,,,,,,,,,
270,654.4880807,,,,,,,,,
300,641.9818287,,,,,,,,,
330,695.0208531,,,,,,,,,
360,804.0162522,,,,,,,,,
390,812.9227112,,,,,,,,,
420,827.9130882,,,,,,,,,
450,790.9526393,,,,,,,,,
480,908.5643683,,,,,,,,,
binary_GA_2point_CO:,,,,,,,,,,
302.8832949,,,,,,,,,,
416,415,-512,415,421,386,427,-304,206,427, 
time spent,17.522506,,,,,,,,,
,,,,,,,,,,
30,1276.481749,,,,,,,,,
60,402.4596058,,,,,,,,,
90,119.5525861,,,,,,,,,
120,64.04040667,,,,,,,,,
150,27.79939033,,,,,,,,,
180,16.10611592,,,,,,,,,
210,11.67364187,,,,,,,,,
240,11.59301265,,,,,,,,,
270,10.62371635,,,,,,,,,
300,9.886629308,,,,,,,,,
330,8.997618695,,,,,,,,,
360,7.561178638,,,,,,,,,
390,7.024238734,,,,,,,,,
420,6.787246015,,,,,,,,,
450,6.740324603,,,,,,,,,
480,6.567347052,,,,,,,,,
real_GA_uniform_CO:,,,,,,,,,,
4.850742798,,,,,,,,,,
421.8362372,421.3625852,419.14579,422.6620344,419.3127475,423.4863579,416.8459829,420.7392474,421.7772497,423.1125039, 
time spent,7.662735701,,,,,,,,,
,,,,,,,,,,
30,1331.216394,,,,,,,,,
60,408.0084783,,,,,,,,,
90,191.900579,,,,,,,,,
120,130.2384458,,,,,,,,,
150,70.18003304,,,,,,,,,
180,63.85075967,,,,,,,,,
210,38.01001713,,,,,,,,,
240,23.57819099,,,,,,,,,
270,18.52528119,,,,,,,,,
300,12.61659205,,,,,,,,,
330,10.32439239,,,,,,,,,
360,9.2960547,,,,,,,,,
390,6.402845357,,,,,,,,,
420,1.544599194,,,,,,,,,
450,0.846304604,,,,,,,,,
480,0.818481576,,,,,,,,,
real_GA_whole_arithmetic_CO:,,,,,,,,,,
0.798916568,,,,,,,,,,
421.1332815,420.5728719,419.8812247,420.7513484,420.2694582,420.0455756,421.0436619,422.7649195,421.2691834,421.4705262, 
time spent,7.697472095,,,,,,,,,
