================,,,
Normal with aver over 30,,,
================,,,
GA1:,,,
fitness, slope,,
2421.996342,-210.0228186,,
2211.973523,-236.8234838,,
1975.150039,-166.0017867,,
1809.148253,-60.68914958,,
1748.459103,-122.0033649,,
1626.455738,-56.03049948,,
1570.425239,-79.9624957,,
1490.462743,-86.80785293,,
1403.65489,-54.93116424,,
1348.723726,-65.09450154,,
1283.629224,-53.57216488,,
1230.057059,-49.01305969,,
1181.044,-22.43790553,,
1158.606094,-12.00946262,,
1146.596632,-32.04744089,,
1114.549191,-33.88550159,,
1080.663689,-8.512549264,,
1072.15114,-43.74935455,,
1028.401785,-20.47157864,,
1007.930207,-27.84921148,,
980.0809951,-3.740064754,,
976.3409304,-17.66953237,,
958.671398,-21.5281548,,
937.1432432,-16.83944688,,
920.3037963,-8.0094827,,
912.2943136,-8.292552677,,
904.0017609,-4.498731745,,
899.5030292,-9.612633505,,
889.8903957,-24.43725071,,
865.453145,-9.994270232,,
855.4588748,-9.338784077,,
846.1200907,-18.97546823,,
827.1446224,-7.825952937,,
819.3186695,-3.961704719,,
815.3569648,-10.46080243,,
804.8961624,-22.45545521,,
782.4407071,-1.17086042,,
781.2698467,-13.07478786,,
768.1950589,-12.58564434,,
755.6094145,-0.687865963,,
754.9215486,-5.447677909,,
749.4738706,-17.41797528,,
732.0558954,-4.726282544,,
727.3296128,-2.53852154,,
724.7910913,-0.39728292,,
724.3938084,-6.645228274,,
717.7485801,-9.195003232,,
708.5535769,-4.383852085,,
704.1697248,-3.81772697,,
700.3519978,-9.832359833,,
690.519638,-10.73528403,,
679.7843539,-4.795807965,,
674.988546,-2.653850773,,
672.3346952,-9.902457354,,
662.4322378,1.249762893,,
663.6820007,0.184345668,,
663.8663464,-0.668417575,,
663.1979288,-5.382440602,,
657.8154882,-0.996598271,,
656.81889,-4.005150951,,
652.813739,-5.127021886,,
647.6867171,-0.527498011,,
647.1592191,-9.296187322,,
637.8630318,-2.884076973,,
634.9789548,-1.633754218,,
633.3452006,-0.322774469,,
633.0224261,-5.408664176,,
627.613762,-0.175599079,,
627.4381629,-5.205354934,,
622.2328079,-2.672372161,,
619.5604358,-8.54800312,,
611.0124327,-1.817635067,,
609.1947976,-1.612799693,,
607.5819979,-0.637888719,,
606.9441092,-3.892216765,,
603.0518924,-0.071281125,,
602.9806113,-5.901165396,,
597.0794459,-5.293580328,,
591.7858656,-4.368559705,,
587.4173059,0.422691871,,
587.8399977,-1.490117852,,
586.3498799,0.456348196,,
586.8062281,-5.98362848,,
580.8225996,-0.483632985,,
580.3389666,-1.749695995,,
578.5892706,-7.209713323,,
571.3795573,-1.208490709,,
570.1710666,-5.849920383,,
564.3211462,-0.335953278,,
563.9851929,-2.527521561,,
561.4576714,0.026406392,,
561.4840778,0.181337028,,
561.6654148,1.202984151,,
562.8683989,-0.114846952,,
562.753552,-2.122323497,,
560.6312285,-3.108179644,,
557.5230488,-3.785914811,,
553.737134,-0.007878591,,
553.7292554,0.707312691,,
554.4365681,-4.470760002,,
549.9658081,-1.395419279,,
548.5703888,-2.24943554,,
546.3209533,-0.880444691,,
545.4405086,-1.97413232,,
543.4663763,0.917832952,,
544.3842092,-3.997941183,,
540.3862681,-0.427274371,,
539.9589937,-0.050531637,,
539.9084621,-3.342627117,,
536.5658349,-2.466105267,,
534.0997297,0.39484642,,
534.4945761,-2.914908977,,
531.5796671,-0.713377843,,
530.8662893,0.122718254,,
530.9890075,-2.15343624,,
528.8355713,-0.428254181,,
528.4073171,-2.258579758,,
526.1487373,-3.781129388,,
522.367608,-0.748996048,,
521.6186119,-0.153064295,,
521.4655476,-2.470356339,,
518.9951913,-3.29478518,,
515.7004061,-4.254901708,,
511.4455044,-0.006135214,,
511.4393692,-0.759972154,,
510.679397,-1.732139661,,
508.9472574,-0.397693893,,
508.5495635,-0.509427706,,
508.0401358,-2.421282226,,
505.6188535,0.175821012,,
505.7946745,-5.677460704,,
500.1172138,-0.394880668,,
499.7223332,-1.444539006,,
498.2777942,-0.46049194,,
497.8173022,-0.332859084,,
497.4844431,-1.782548752,,
495.7018944,-3.433765585,,
492.2681288,-1.827802029,,
490.4403268,-0.003058579,,
490.4372682,-5.368041296,,
485.0692269,-0.343135201,,
484.7260917,0.163887174,,
484.8899789,-2.269013198,,
482.6209657,-1.192188317,,
481.4287774,-1.441017502,,
479.9877599,-2.965007408,,
477.0227525,2.177314812,,
479.2000673,-1.044213267,,
478.155854,-0.290260596,,
477.8655934,-5.283978742,,
472.5816147,-1.762185754,,
470.8194289,-0.191624193,,
470.6278047,-0.636385303,,
469.9914194,-0.191608414,,
469.799811,-1.757221253,,
468.0425897,-0.664796342,,
467.3777934,-0.629104782,,
466.7486886,-0.760140005,,
465.9885486,-0.059388436,,
465.9291602,-0.009543018,,
465.9196172,0.012587791,,
465.932205,-0.031754073,,
465.9004509,0.046857006,,
465.9473079,-0.846122905,,
465.101185,-3.305109647,,
461.7960753,-0.500879416,,
461.2951959,-1.626772133,,
459.6684238,0.396878043,,
460.0653018,-3.70262895,,
456.3626729,-1.589644353,,
454.7730285,-0.326873546,,
454.446155,-0.880931945,,
453.565223,-0.001433664,,
453.5637894,-0.795485302,,
452.7683041,-1.716987887,,
451.0513162,1.516189809,,
452.567506,-0.740832254,,
451.8266737,0.003207862,,
451.8298816,-0.742891878,,
451.0869897,-0.62886941,,
450.4581203,-0.751822847,,
449.7062975,-0.255507041,,
449.4507904,-0.170524488,,
449.2802659,-0.559022243,,
448.7212437,-1.126105955,,
447.5951377,-0.203321464,,
447.3918163,-0.258714113,,
447.1331022,0.3804024,,
447.5135046,-1.309767778,,
446.2037368,-0.467478039,,
445.7362587,-2.089534836,,
443.6467239,-0.932835248,,
442.7138887,0.871957808,,
443.5858465,-0.024191669,,
443.5616548,0.951941049,,
444.5135958,-0.20903086,,
444.304565,-1.008534405,,
443.2960306,-1.575912524,,
441.7201181,-6.83E-05,,
441.7200498,-0.162264723,,
441.557785,-0.208759158,,
441.3490259,-0.549479853,,
440.799546,-0.283881783,,
440.5156642,-0.802134099,,
439.7135301,0.75030231,,
440.4638324,-3.828366869,,
436.6354656,-0.446887041,,
436.1885785,-0.069271697,,
436.1193068,-0.292777157,,
435.8265297,-2.735835026,,
433.0906947,-0.561611405,,
432.5290833,-0.257016522,,
432.2720667,-1.694690145,,
430.5773766,0.137083593,,
430.7144602,-1.063771869,,
429.6506883,0.095279285,,
429.7459676,-0.067991298,,
429.6779763,-0.709030582,,
428.9689457,-0.352168154,,
428.6167776,-1.18357948,,
427.4331981,-2.212121045,,
425.221077,-0.020885343,,
425.2001917,-0.039820594,,
425.1603711,-0.011039457,,
425.1493316,-1.688940532,,
423.4603911,-0.045819742,,
423.4145714,-0.040671996,,
423.3738994,-0.030194281,,
423.3437051,-0.017454692,,
423.3262504,-2.599244645,,
420.7270058,-0.209483391,,
420.5175224,-0.241081202,,
420.2764412,-0.071803011,,
420.2046382,0.047136254,,
420.2517744,-0.828638122,,
419.4231363,-2.096324466,,
417.3268118,-3.271400414,,
414.0554114,-0.25795916,,
413.7974522,-0.99242718,,
412.8050251,-0.553273989,,
412.2517511,0.014944474,,
412.2666955,-0.12020373,,
412.1464918,-0.353473178,,
411.7930186,-0.139382675,,
411.653636,-0.331990828,,
411.3216451,0.159261455,,
411.4809066,-0.670435883,,
410.8104707,-2.443112425,,
408.3673583,-0.859450411,,
407.5079079,-0.09182962,,
407.4160783,-1.897026881,,
405.5190514,0.103948282,,
405.6229997,-0.088952502,,
405.5340472,0.763969397,,
406.2980165,-0.027272273,,
406.2707443,-0.382664879,,
405.8880794,-0.296470274,,
405.5916091,-0.458433227,,
405.1331759,0.114847768,,
405.2480237,0.130265668,,
405.3782893,-0.009123151,,
405.3691662,-0.524258235,,
404.8449079,-0.44293877,,
404.4019692,-0.064810567,,
404.3371586,-0.944833569,,
403.392325,-0.118228114,,
403.2740969,-0.011255305,,
403.2628416,0.003103723,,
403.2659453,-0.271417871,,
402.9945275,-2.941081194,,
400.0534463,-0.011585783,,
400.0418605,-1.22029689,,
398.8215636,-0.335951305,,
398.4856123,0.374945759,,
398.8605581,-0.363336022,,
398.497222,-1.175089991,,
397.322132,-1.006246224,,
396.3158858,-2.693517594,,
393.6223682,2.922558105,,
396.5449263,-0.056173282,,
396.4887531,-4.548092533,,
391.9406605,-0.001636971,,
391.9390235,-0.21323314,,
391.7257904,0.18963903,,
391.9154294,-0.497087095,,
391.4183423,-0.547949567,,
390.8703928,-0.692504232,,
390.1778885,-0.228411226,,
389.9494773,-0.320850859,,
389.6286265,-1.367506691,,
388.2611198,-0.371554606,,
387.8895652,0.21368154,,
388.1032467,-3.317835985,,
384.7854107,-0.297671039,,
384.4877397,-0.568480948,,
383.9192587,-0.334611997,,
383.5846467,3.26709559,,
386.8517423,0.001862101,,
386.8536044,-0.000439017,,
386.8531654,-0.504407721,,
386.3487577,-0.025580202,,
386.3231775,-4.71E-05,,
386.3231304,-2.101851225,,
384.2212791,-0.007389149,,
384.21389,-0.20318649,,
384.0107035,-0.925775996,,
383.0849275,-0.020925474,,
383.064002,-0.940721317,,
382.1232807,-0.049525716,,
382.073755,-0.218378257,,
381.8553767,-0.325149397,,
381.5302273,7.56E-06,,
381.5302349,-0.254438648,,
381.2757963,-0.419241018,,
380.8565552,0.183425702,,
381.0399809,-0.14711904,,
380.8928619,-0.296941454,,
380.5959204,-0.029429482,,
380.566491,-0.293104841,,
380.2733861,0.29538418,,
380.5687703,-3.30E-06,,
380.568767,-0.00332725,,
380.5654397,-0.215034058,,
380.3504057,-0.225139152,,
380.1252665,-0.093506373,,
380.0317602,-0.453060326,,
379.5786998,-0.115160821,,
379.463539,0.01907521,,
379.4826142,-0.334769737,,
379.1478445,-1.13287667,,
378.0149678,-2.816276437,,
375.1986914,-0.541862826,,
374.6568286,-0.046922123,,
374.6099064,-0.06383729,,
374.5460691,-3.501786704,,
371.0442824,2.47E-05,,
371.0443071,-0.432116392,,
370.6121908,1.12E-05,,
370.612202,-0.432661075,,
370.1795409,-0.048675356,,
370.1308656,-0.00342118,,
370.1274444,-0.007114981,,
370.1203294,-7.38E-05,,
370.1202556,-0.610576271,,
369.5096793,-1.404170633,,
368.1055087,-0.890801719,,
367.214707,-0.009390766,,
367.2053162,-0.033882534,,
367.1714337,-0.54096155,,
366.6304721,-0.20100785,,
366.4294643,-0.030803002,,
366.3986613,-0.087858396,,
366.3108029,0.003942547,,
366.3147454,-3.330796336,,
362.9839491,0.187426122,,
363.1713752,-0.460514181,,
362.710861,-0.283372964,,
362.4274881,-0.020011954,,
362.4074761,0.122593681,,
362.5300698,-0.027949591,,
362.5021202,0.06983992,,
362.5719601,-1.120113331,,
361.4518468,0.818674788,,
362.2705216,-0.012919082,,
362.2576025,-0.004186909,,
362.2534156,-0.029210697,,
362.2242049,-0.000451814,,
362.2237531,-0.000746946,,
362.2230061,-0.003739352,,
362.2192668,-0.401925642,,
361.8173411,0.161394253,,
361.9787354,-0.006754773,,
361.9719806,-0.509710972,,
361.4622696,-0.466358126,,
360.9959115,-0.000578725,,
360.9953328,-0.193722244,,
360.8016105,0.008835422,,
360.810446,-0.064586073,,
360.7458599,-0.07689429,,
360.6689656,-3.204568159,,
357.4643974,-0.041304649,,
357.4230928,-0.897618589,,
356.5254742,-0.949668402,,
355.5758058,-0.034755116,,
355.5410507,-2.06935509,,
353.4716956,-0.083648438,,
353.3880472,-0.175300901,,
353.2127463,-2.900689816,,
350.3120564,0.088856634,,
350.4009131,-0.382140949,,
350.0187721,-0.542484471,,
349.4762877,-0.089009511,,
349.3872781,0.467662747,,
349.8549409,-0.026467514,,
349.8284734,0.047318003,,
349.8757914,-0.255730669,,
349.6200607,-0.05539956,,
349.5646611,-0.220015282,,
349.3446459,-1.123479807,,
348.2211661,-0.002419665,,
348.2187464,-0.00397194,,
348.2147745,-0.012489797,,
348.2022847,-0.030659021,,
348.1716256,-0.294099178,,
347.8775265,-0.021307486,,
347.856219,-6.16E-07,,
347.8562184,-0.149654107,,
347.7065642,-0.019306285,,
347.687258,-0.11316367,,
347.5740943,0.136055784,,
347.7101501,-0.015690858,,
347.6944592,-0.156517522,,
347.5379417,-0.020692782,,
347.5172489,-0.23352139,,
347.2837275,-0.496973518,,
346.786754,0.001832885,,
346.7885869,-0.363613672,,
346.4249732,-0.163837573,,
346.2611356,-0.006891934,,
346.2542437,-0.055451505,,
346.1987922,-0.008909387,,
346.1898828,-0.185212326,,
346.0046705,0.15507645,,
346.1597469,-0.225193499,,
345.9345534,-6.66E-08,,
345.9345534,-0.051354504,,
345.8831989,-0.021607383,,
345.8615915,0.002961359,,
345.8645529,-1.643974074,,
344.2205788,-0.006876688,,
344.2137021,-0.000152474,,
344.2135496,-0.067641255,,
344.1459084,-0.207304587,,
343.9386038,0.201663271,,
344.140267,-0.002786233,,
344.1374808,-0.005995778,,
344.131485,-0.054134923,,
344.0773501,-0.17727882,,
343.9000713,-0.049179123,,
343.8508922,-0.078436022,,
343.7724561,0.049784887,,
343.822241,-0.20995452,,
343.6122865,-0.009727526,,
343.602559,-0.149648305,,
343.4529107,-5.01E-05,,
343.4528606,-0.000926777,,
343.4519338,0.000625592,,
343.4525594,-0.134068408,,
343.318491,8.31E-05,,
343.3185741,-0.005464028,,
343.3131101,-0.000689666,,
343.3124204,-0.048516163,,
343.2639042,-0.314941117,,
342.9489631,-0.627513102,,
342.32145,0.603109366,,
342.9245594,-0.058742342,,
342.865817,1.04E-06,,
342.8658181,0.058478857,,
342.9242969,-0.056292515,,
342.8680044,-0.007913643,,
342.8600908,0.001445434,,
342.8615362,-0.000111827,,
342.8614244,-2.14E-06,,
342.8614222,-0.004705801,,
342.8567164,-0.05792352,,
342.7987929,-0.252673352,,
342.5461196,-0.145009958,,
342.4011096,-0.024704128,,
342.3764055,-0.073616397,,
342.3027891,-0.021241379,,
342.2815477,-0.004248695,,
342.277299,-0.022615234,,
342.2546838,-0.511126985,,
341.7435568,-0.000275167,,
341.7432816,-1.066045541,,
340.6772361,-0.204774134,,
340.472462,0.209846481,,
340.6823084,-0.03323823,,
340.6490702,-0.001871723,,
340.6471985,-5.28E-07,,
340.647198,-0.288620531,,
340.3585774,0.288588903,,
340.6471663,-0.000792107,,
340.6463742,-0.293598071,,
340.3527761,-0.29628884,,
340.0564873,-0.048115564,,
340.0083717,0.238557092,,
340.2469288,-7.37E-05,,
340.2468551,0.008911387,,
340.2557665,-0.000456076,,
340.2553104,-0.0549672,,
340.2003432,0.008815581,,
340.2091588,-0.052858621,,
340.1563002,-0.657265968,,
339.4990342,-1.9908212,,
337.508213,0.031774407,,
337.5399874,-0.573075645,,
336.9669118,-0.00337107,,
336.9635407,-0.004419561,,
336.9591211,0,,249.5028964
The best result of this GA is:,,,
5.114035819,,,18.88030311
================,,,
GA2:,,,
fitness, slope,,
2466.345792,-295.3050368,,
2171.040756,-265.7086632,,
1905.332092,-135.5046642,,
1769.827428,-107.0446613,,
1662.782767,-99.1626371,,
1563.62013,-136.7210427,,
1426.899087,-102.080296,,
1324.818791,-65.17149824,,
1259.647293,-53.73876165,,
1205.908531,-106.7677393,,
1099.140792,-18.47224745,,
1080.668544,-16.33730616,,
1064.331238,-61.65003146,,
1002.681207,-27.06194726,,
975.6192596,-30.21475073,,
945.4045088,1.433156038,,
946.8376649,-17.15647151,,
929.6811934,-7.983335886,,
921.6978575,-17.59159475,,
904.1062627,-33.00947638,,
871.0967863,-3.198513604,,
867.8982727,-12.23649766,,
855.6617751,-21.93028483,,
833.7314903,-21.21388857,,
812.5176017,-2.285371194,,
810.2322305,-20.62461422,,
789.6076163,-17.5163398,,
772.0912765,-0.115845014,,
771.9754315,-20.1227572,,
751.8526743,-11.33749295,,
740.5151813,-43.0883881,,
697.4267932,-2.859744777,,
694.5670484,-14.52229829,,
680.0447501,-13.50048107,,
666.5442691,-5.028540544,,
661.5157285,-24.16165736,,
637.3540712,-4.643899383,,
632.7101718,-1.202042449,,
631.5081293,-13.98084167,,
617.5272877,-4.299448959,,
613.2278387,-9.178592148,,
604.0492466,-14.93466344,,
589.1145831,-4.675171375,,
584.4394118,-3.99272244,,
580.4466893,-2.760143839,,
577.6865455,-6.436407306,,
571.2501382,0.02405442,,
571.2741926,-1.370928362,,
569.9032642,-9.143101034,,
560.7601632,-6.591232088,,
554.1689311,-6.460211968,,
547.7087191,-4.743785498,,
542.9649336,-8.173711887,,
534.7912218,-4.685130927,,
530.1060908,-2.201855706,,
527.9042351,-0.945432814,,
526.9588023,-13.68386867,,
513.2749336,-1.76805267,,
511.506881,-7.539732318,,
503.9671486,-0.438395082,,
503.5287536,-0.4718256,,
503.056928,3.123372288,,
506.1803002,-3.233249558,,
502.9470507,-4.286847699,,
498.660203,1.306515472,,
499.9667185,-1.671095753,,
498.2956227,-4.59135165,,
493.7042711,0.003407956,,
493.707679,-2.068602063,,
491.639077,-2.954274632,,
488.6848023,-4.13895081,,
484.5458515,-1.487104781,,
483.0587467,-2.001200026,,
481.0575467,1.134808344,,
482.192355,-1.022387125,,
481.1699679,-1.260415817,,
479.9095521,-4.769864084,,
475.139688,-7.10869135,,
468.0309967,-1.726713457,,
466.3042832,-1.055373747,,
465.2489095,-5.4668424,,
459.7820671,-0.878071001,,
458.9039961,-5.789859589,,
453.1141365,-2.055159064,,
451.0589774,-0.144706403,,
450.914271,-7.305455775,,
443.6088152,-1.192585027,,
442.4162302,-0.753518404,,
441.6627118,-0.151116044,,
441.5115958,-0.445753565,,
441.0658422,-1.190132219,,
439.87571,-1.820065176,,
438.0556448,-0.268997193,,
437.7866476,0.249420119,,
438.0360677,-1.802712362,,
436.2333554,-8.261181254,,
427.9721741,4.209331498,,
432.1815056,-2.947568831,,
429.2339368,-0.955927495,,
428.2780093,-1.134686482,,
427.1433228,-0.47009513,,
426.6732277,0.476996153,,
427.1502238,-4.108483474,,
423.0417403,-0.960096814,,
422.0816435,-0.43409945,,
421.6475441,-1.201280287,,
420.4462638,1.212718986,,
421.6589828,-1.803908485,,
419.8550743,-1.30207191,,
418.5530024,-0.391094517,,
418.1619079,-1.040165357,,
417.1217425,-0.435892248,,
416.6858503,-3.609269792,,
413.0765805,-6.563244489,,
406.513336,-1.995359771,,
404.5179762,-1.828248327,,
402.6897279,-0.051793283,,
402.6379346,-2.351416791,,
400.2865178,-0.618846824,,
399.667671,-0.1281415,,
399.5395295,-0.782592664,,
398.7569368,-0.095419448,,
398.6615174,-1.673250208,,
396.9882672,-0.0300815,,
396.9581857,-0.136124129,,
396.8220615,-0.099633029,,
396.7224285,-1.639135401,,
395.0832931,-0.356346566,,
394.7269465,-1.808444408,,
392.9185021,-1.230988728,,
391.6875134,-0.002142743,,
391.6853707,-1.773417308,,
389.9119534,-1.791706874,,
388.1202465,-3.347840723,,
384.7724058,0.077018133,,
384.8494239,-2.257865931,,
382.591558,-1.067836107,,
381.5237219,-0.020644975,,
381.5030769,1.72079517,,
383.2238721,0.024889212,,
383.2487613,-0.00495663,,
383.2438046,-2.054329436,,
381.1894752,-0.289178471,,
380.9002967,-1.125958753,,
379.774338,-0.945139153,,
378.8291988,-1.291986354,,
377.5372125,-0.672423392,,
376.8647891,-0.023032849,,
376.8417562,-1.155738167,,
375.6860181,-0.5546239,,
375.1313942,-3.080234432,,
372.0511597,-1.523933137,,
370.5272266,-0.050461299,,
370.4767653,-0.414476976,,
370.0622883,-4.387678044,,
365.6746103,-0.286818537,,
365.3877917,-0.28181591,,
365.1059758,-0.043651363,,
365.0623245,0.254670496,,
365.316995,-0.182021589,,
365.1349734,-0.465216166,,
364.6697572,-0.079633779,,
364.5901234,-0.858436083,,
363.7316873,0.130168435,,
363.8618558,-0.128781926,,
363.7330738,-1.67183554,,
362.0612383,-0.144161164,,
361.9170771,-0.541497479,,
361.3755797,-0.000982244,,
361.3745974,-0.575720257,,
360.7988772,-0.296649069,,
360.5022281,-1.035930406,,
359.4662977,0.915362333,,
360.38166,-0.150674375,,
360.2309856,-1.375839641,,
358.855146,-1.030833087,,
357.8243129,-4.988275004,,
352.8360379,-1.665546216,,
351.1704917,0.559173376,,
351.7296651,-0.676559367,,
351.0531057,-0.188278341,,
350.8648274,0.17364129,,
351.0384687,-0.268926959,,
350.7695417,-1.774614181,,
348.9949275,-0.349261867,,
348.6456657,-2.47885289,,
346.1668128,-0.005674688,,
346.1611381,-1.962525756,,
344.1986123,-0.376284314,,
343.822328,-0.714458176,,
343.1078698,-0.180766587,,
342.9271032,-0.259109079,,
342.6679942,-0.003326976,,
342.6646672,-1.832003618,,
340.8326636,-0.459304665,,
340.3733589,2.165976684,,
342.5393356,-0.020292274,,
342.5190433,-0.121250082,,
342.3977932,0.025288253,,
342.4230815,-0.072015444,,
342.351066,-2.456226218,,
339.8948398,-0.959134801,,
338.935705,0.801730821,,
339.7374358,1.510540668,,
341.2479765,-0.011576054,,
341.2364005,-0.206427134,,
341.0299733,-0.790862838,,
340.2391105,-0.302476833,,
339.9366337,-0.627190807,,
339.3094428,0.00450959,,
339.3139524,-0.244334234,,
339.0696182,-9.52E-05,,
339.069523,-1.361050576,,
337.7084724,-2.214879082,,
335.4935933,-0.71218693,,
334.7814064,0.818407956,,
335.5998143,-0.196896736,,
335.4029176,-0.214996292,,
335.1879213,-0.136015068,,
335.0519062,-2.847897266,,
332.204009,-1.693789069,,
330.5102199,0.470329271,,
330.9805492,-2.02E-05,,
330.980529,-1.98902045,,
328.9915085,-5.86E-06,,
328.9915026,-0.586069167,,
328.4054335,-0.916812746,,
327.4886207,-0.185680307,,
327.3029404,-0.075818522,,
327.2271219,-1.220264166,,
326.0068577,-0.259976722,,
325.746881,-0.021781972,,
325.725099,-0.310535047,,
325.414564,-0.000494589,,
325.4140694,-1.7130357,,
323.7010337,-0.377062073,,
323.3239716,-0.024102929,,
323.2998687,-0.179680354,,
323.1201883,0.0240963,,
323.1442847,-2.170725087,,
320.9735596,-0.00612986,,
320.9674297,-0.020099597,,
320.9473301,-0.665401498,,
320.2819286,-1.228443733,,
319.0534849,0.460710272,,
319.5141951,-0.124728286,,
319.3894669,-0.262630648,,
319.1268362,-0.608821867,,
318.5180143,-2.24E-05,,
318.5179919,-0.236195446,,
318.2817965,-0.035499661,,
318.2462968,-1.945449715,,
316.3008471,2.426436903,,
318.727284,0.104049226,,
318.8313332,-0.01007457,,
318.8212587,-0.012499255,,
318.8087594,-0.114573766,,
318.6941857,-0.041046491,,
318.6531392,-0.002897852,,
318.6502413,-0.271327489,,
318.3789138,-2.186698328,,
316.1922155,-1.38E-05,,
316.1922017,-1.504081759,,
314.68812,0.939066708,,
315.6271867,-0.610483495,,
315.0167032,-0.264344329,,
314.7523589,-0.733681566,,
314.0186773,0.256751964,,
314.2754293,-0.004497779,,
314.2709315,-0.526034894,,
313.7448966,-1.515645579,,
312.229251,-0.002713402,,
312.2265376,-0.712099833,,
311.5144378,-0.000756812,,
311.513681,-0.006414264,,
311.5072667,-6.00E-05,,
311.5072067,-0.125433206,,
311.3817735,-2.656841544,,
308.7249319,-0.001015592,,
308.7239163,0.56485044,,
309.2887668,2.368017695,,
311.6567845,-0.095563907,,
311.5612206,-0.715943273,,
310.8452773,-0.063006584,,
310.7822707,0.010874021,,
310.7931447,0.048502527,,
310.8416472,-0.519028577,,
310.3226187,-0.630160713,,
309.692458,-0.277045046,,
309.4154129,-2.171403452,,
307.2440095,0.093590274,,
307.3375997,0.264148064,,
307.6017478,0.004010249,,
307.605758,-0.119221207,,
307.4865368,-0.193073091,,
307.2934638,-3.713230126,,
303.5802336,-0.424255743,,
303.1559779,0.597736411,,
303.7537143,-0.002226007,,
303.7514883,-0.347546121,,
303.4039422,-2.25E-05,,
303.4039196,-0.276026803,,
303.1278928,-0.730783789,,
302.397109,-0.734769086,,
301.6623399,-0.47275796,,
301.189582,-0.042675996,,
301.146906,-1.381719637,,
299.7651864,-2.467860565,,
297.2973258,0.281331489,,
297.5786573,-2.304041961,,
295.2746153,2.194891755,,
297.4695071,-0.043024299,,
297.4264828,0.000767949,,
297.4272507,0.026743646,,
297.4539944,-0.159744704,,
297.2942497,-0.30368802,,
296.9905616,-1.599603183,,
295.3909585,-0.489682503,,
294.901276,-3.979181286,,
290.9220947,-0.55463156,,
290.3674631,-0.08441725,,
290.2830459,-0.348015607,,
289.9350303,-0.10051878,,
289.8345115,-0.666699778,,
289.1678117,8.50E-05,,
289.1678967,0.344270244,,
289.5121669,-5.006773661,,
284.5053932,-0.327925494,,
284.1774677,-0.390193358,,
283.7872744,-0.000166603,,
283.7871078,0.189728304,,
283.9768361,-0.312561675,,
283.6642744,-0.208260978,,
283.4560134,-0.297904209,,
283.1581092,-0.195756697,,
282.9623525,0.030222059,,
282.9925746,-5.86E-06,,
282.9925687,-0.351506223,,
282.6410625,-0.00066899,,
282.6403935,-0.146710431,,
282.4936831,-0.006527973,,
282.4871551,-0.001213527,,
282.4859416,-0.02762669,,
282.4583149,-0.638890855,,
281.819424,-0.037477784,,
281.7819463,-0.794316182,,
280.9876301,0.001545646,,
280.9891757,-0.007401308,,
280.9817744,1.81E-06,,
280.9817762,-0.001013827,,
280.9807624,-0.000303516,,
280.9804589,0.001186621,,
280.9816455,-0.009885891,,
280.9717596,-0.08209406,,
280.8896655,-0.896580657,,
279.9930849,-0.316011411,,
279.6770735,-0.031409044,,
279.6456644,-0.002422949,,
279.6432415,-0.066072844,,
279.5771686,-0.008555036,,
279.5686136,-0.002353331,,
279.5662603,-0.066572631,,
279.4996876,0.032605474,,
279.5322931,-0.0247795,,
279.5075136,-1.579604617,,
277.927909,-1.871926397,,
276.0559826,-0.037389709,,
276.0185929,-0.000252776,,
276.0183401,-0.063032779,,
275.9553073,0.009624551,,
275.9649319,1.32151463,,
277.2864465,-2.252243445,,
275.0342031,-0.003535572,,
275.0306675,-0.000841921,,
275.0298256,-1.621098077,,
273.4087275,-0.004767019,,
273.4039605,-0.000254077,,
273.4037064,-0.027687724,,
273.3760187,0.00360143,,
273.3796201,-0.074020207,,
273.3055999,1.24E-07,,
273.3056,0.069956837,,
273.3755569,-0.250120599,,
273.1254363,-2.94E-07,,
273.125436,-0.001004334,,
273.1244316,-0.009426906,,
273.1150047,-0.395605088,,
272.7193996,-0.579076364,,
272.1403233,-0.062597718,,
272.0777256,-0.003287124,,
272.0744384,-0.844635374,,
271.2298031,-0.392815268,,
270.8369878,-0.028805061,,
270.8081827,-0.022301385,,
270.7858814,-0.00031358,,
270.7855678,0.012516147,,
270.7980839,-3.08E-05,,
270.7980532,-0.000367061,,
270.7976861,-1.137413707,,
269.6602724,0.000382279,,
269.6606547,-0.042563132,,
269.6180915,-9.74E-05,,
269.6179941,-0.271612241,,
269.3463819,-0.097912791,,
269.2484691,-0.00610683,,
269.2423623,-0.000124274,,
269.242238,0.002178332,,
269.2444163,-0.007279598,,
269.2371367,0.004818157,,
269.2419549,-1.07E-05,,
269.2419442,-0.262658959,,
268.9792852,-0.504117293,,
268.4751679,-0.002375554,,
268.4727923,-0.000781235,,
268.4720111,-0.100909908,,
268.3711012,-0.672673601,,
267.6984276,0.130912458,,
267.8293401,0.145105225,,
267.9744453,-0.000288063,,
267.9741572,-0.068499333,,
267.9056579,-0.071501573,,
267.8341563,-0.008134658,,
267.8260217,-0.32590494,,
267.5001167,-0.898226321,,
266.6018904,-0.081857866,,
266.5200325,-0.134213195,,
266.3858193,-0.124612949,,
266.2612064,0.088740428,,
266.3499468,-0.281296638,,
266.0686502,-0.39722217,,
265.671428,-0.092020544,,
265.5794075,0.219628324,,
265.7990358,0,,
265.7990358,-0.197753551,,
265.6012822,-0.058537299,,
265.5427449,-0.059246955,,
265.483498,-0.001020349,,
265.4824776,-0.001241923,,
265.4812357,-0.048758763,,
265.4324769,-0.000349195,,
265.4321278,0.03381617,,
265.4659439,-3.08555022,,
262.3803937,2.816408747,,
265.1968024,0.190767206,,
265.3875697,-0.013128837,,
265.3744408,-0.310628176,,
265.0638126,-0.012967343,,
265.0508453,-0.054593565,,
264.9962517,-0.004157539,,
264.9920942,-0.22049727,,
264.7715969,-0.003053317,,
264.7685436,-0.098842335,,
264.6697013,-0.000129465,,
264.6695718,8.81E-05,,
264.6696599,-0.688309135,,
263.9813508,-0.000291136,,
263.9810596,-0.002225396,,
263.9788343,-0.102259054,,
263.8765752,0.065710032,,
263.9422852,-0.000918858,,
263.9413664,-0.010873096,,
263.9304933,-0.058067985,,
263.8724253,0.011305578,,
263.8837309,-4.18E-07,,
263.8837305,-6.66E-05,,
263.8836638,-0.352001574,,
263.5316623,-0.357682384,,
263.1739799,-0.175548897,,
262.998431,0,,
262.998431,-9.23E-06,,
262.9984218,-0.000406282,,
262.9980155,-1.309308066,,
261.6887074,-0.042009987,,
261.6466974,-1.07E-08,,
261.6466974,-0.60562206,,
261.0410754,0.322456531,,
261.3635319,6.43E-07,,
261.3635325,-0.008813622,,
261.3547189,-0.001451308,,
261.3532676,0.053946346,,
261.4072139,-0.290712672,,
261.1165013,-0.031204657,,
261.0852966,-0.504895898,,
260.5804007,-0.008569281,,
260.5718314,0.000931876,,
260.5727633,-0.00521912,,
260.5675442,-0.278050837,,
260.2894934,0.277830955,,
260.5673243,-0.418211691,,
260.1491126,-0.002538146,,
260.1465745,-0.036326105,,
260.1102484,-0.000181693,,
260.1100667,-0.318221292,,
259.7918454,-0.000973708,,
259.7908717,0.004670046,,
259.7955417,-0.080367318,,
259.7151744,-0.055137003,,
259.6600374,-1.92E-05,,
259.6600182,-0.007439671,,Normal
259.6525786,0,,307.4297085
The best result of this GA is:,,,
3.14787936,,,32.56959987
================,,,
GA3:,,,
fitness, slope,,
2549.479414,-290.2257456,,
2259.253668,-267.8702573,,
1991.383411,-187.9537493,,
1803.429662,-212.1773392,,
1591.252322,-140.4578727,,
1450.79445,-131.0713358,,
1319.723114,-109.1248715,,
1210.598242,-102.6928828,,
1107.90536,-118.5185171,,
989.3868425,-75.55134863,,
913.8354939,-44.9561557,,
868.8793382,-83.42258835,,
785.4567498,-67.80438759,,
717.6523623,-58.03156763,,
659.6207946,-39.16507665,,
620.455718,-32.09572861,,
588.3599894,-38.58238467,,
549.7776047,-31.34952836,,
518.4280763,-24.64675827,,
493.7813181,-23.93403174,,
469.8472863,-33.91401947,,
435.9332669,-29.3525991,,
406.5806678,-38.9207038,,
367.659964,-15.35924476,,
352.3007192,-16.64833517,,
335.652384,-16.6108301,,
319.0415539,-17.12713655,,
301.9144174,-22.83874305,,
279.0756743,-29.47197466,,
249.6036997,-11.96805137,,
237.6356483,-21.24225334,,
216.393395,-11.91897644,,
204.4744185,-12.5694225,,
191.904996,-20.2091826,,
171.6958134,-1.074977643,,
170.6208358,-10.62740789,,
159.9934279,-10.91474988,,
149.078678,-12.42662905,,
136.652049,-8.424483241,,
128.2275657,-2.907186097,,
125.3203796,-4.460451367,,
120.8599283,-6.195970528,,
114.6639577,-8.907088238,,
105.7568695,-1.804281754,,
103.9525877,-8.97320803,,
94.97937971,-1.412656853,,
93.56672285,-4.269649595,,
89.29707326,-0.758436178,,
88.53863708,-2.278450777,,
86.2601863,-0.675690925,,
85.58449538,-0.941864313,,
84.64263107,-2.687474933,,
81.95515613,-9.248862304,,
72.70629383,-1.548599074,,
71.15769475,-0.633577631,,
70.52411712,-0.691138989,,
69.83297814,-7.221880454,,
62.61109768,-1.559840701,,
61.05125698,-2.125334542,,
58.92592244,-2.885837483,,
56.04008495,-1.210411306,,
54.82967365,-1.316977048,,
53.5126966,-1.142656206,,
52.3700404,-1.76235694,,
50.60768346,-2.644730583,,
47.96295287,-0.311817652,,
47.65113522,-3.836227439,,
43.81490778,-1.823989562,,
41.99091822,-1.138276089,,
40.85264213,-0.747856362,,
40.10478577,-1.026860322,,
39.07792545,-1.35780395,,
37.7201215,-0.719283219,,
37.00083828,-1.301752652,,
35.69908563,-1.298270354,,
34.40081527,-2.025353514,,
32.37546176,-0.265779375,,
32.10968238,-0.447519978,,
31.66216241,-0.823150471,,
30.83901194,-2.389009389,,
28.45000255,-1.058706732,,
27.39129582,-0.90710786,,
26.48418795,-0.48591177,,
25.99827618,-1.104929728,,
24.89334646,-0.707743437,,
24.18560302,-0.200409695,,
23.98519332,-0.807109944,,
23.17808338,-1.696831373,,
21.48125201,-0.032644583,,
21.44860742,-0.374966144,,
21.07364128,-0.544068735,,
20.52957254,-0.588602185,,
19.94097036,-1.092899599,,
18.84807076,-0.930891772,,
17.91717899,-0.295568065,,
17.62161092,-0.140081182,,
17.48152974,-1.828198896,,
15.65333084,-0.093451407,,
15.55987944,-0.200074338,,
15.3598051,-0.337958287,,
15.02184681,-0.251874757,,
14.76997205,-0.176811651,,
14.5931604,-1.684095863,,
12.90906454,-0.214116893,,
12.69494765,-0.066956192,,
12.62799146,-0.18479654,,
12.44319492,-0.223682118,,
12.2195128,-0.646827452,,
11.57268535,-0.233473799,,
11.33921155,-0.53139488,,
10.80781667,-0.052507186,,
10.75530948,-0.113597153,,
10.64171233,-0.127516828,,
10.5141955,-0.140266901,,
10.3739286,-0.130543626,,
10.24338497,-0.151625891,,
10.09175908,-0.040398472,,
10.05136061,-0.056008452,,
9.99535216,-0.308293014,,
9.687059146,-0.106025967,,
9.58103318,-0.017265444,,
9.563767736,-0.031866852,,
9.531900884,-0.012231308,,
9.519669576,-0.286072051,,
9.233597525,-0.069455599,,
9.164141926,-0.224448246,,
8.93969368,-0.163679699,,
8.776013981,-0.001970184,,
8.774043797,-0.299856703,,
8.474187094,-0.29871726,,
8.175469835,-0.232719674,,
7.942750161,-0.009575226,,
7.933174934,-0.01117783,,
7.921997105,-0.135877956,,
7.786119149,-0.368531672,,
7.417587476,-0.038298314,,
7.379289162,-0.032877615,,
7.346411547,-0.233615419,,
7.112796128,-0.040864134,,
7.071931994,-0.006393852,,
7.065538142,-0.155923579,,
6.909614563,-0.091515752,,
6.818098811,-0.043018923,,
6.775079888,-0.472712571,,
6.302367317,0.09487107,,
6.397238387,-0.102327277,,
6.29491111,-0.019464686,,
6.275446424,-0.058907342,,
6.216539082,-0.031523616,,
6.185015466,-0.098327455,,
6.086688011,-0.061878592,,
6.024809419,-0.084513083,,
5.940296336,-0.058813659,,
5.881482677,-0.005160401,,
5.876322276,-0.308438527,,
5.567883749,-0.060360624,,
5.507523126,-0.002081378,,
5.505441748,-0.173777466,,
5.331664282,-0.062385007,,
5.269279276,-0.018059358,,
5.251219918,-0.143284099,,
5.107935819,-0.025224901,,
5.082710918,-0.06705014,,
5.015660778,0.020885579,,
5.036546357,-0.11664492,,
4.919901437,-0.062061929,,
4.857839509,-0.017591452,,
4.840248057,-0.045605534,,
4.794642523,-0.24732656,,
4.547315964,-0.071110697,,
4.476205267,-0.089189472,,
4.387015794,-0.040047739,,
4.346968056,-0.031835137,,
4.315132918,-0.001693504,,
4.313439415,-0.221812825,,
4.09162659,-0.048440874,,
4.043185716,-0.138026369,,
3.905159348,-0.016154464,,
3.889004884,-0.000137664,,
3.88886722,-0.010716581,,
3.878150638,-0.058745002,,
3.819405636,-0.114993656,,
3.704411981,-0.014155694,,
3.690256287,-0.016868366,,
3.673387921,-0.012565581,,
3.66082234,-0.00580096,,
3.65502138,-0.063999571,,
3.591021808,-0.213747599,,
3.37727421,-0.034468723,,
3.342805486,-0.021393169,,
3.321412317,-0.044050107,,
3.27736221,-0.085226446,,
3.192135764,-0.037531655,,
3.154604109,-0.001971763,,
3.152632346,-0.08788208,,
3.064750266,-0.026578082,,
3.038172184,-0.080275648,,
2.957896536,-0.017786288,,
2.940110248,-0.009639601,,
2.930470646,-0.0922042,,
2.838266447,-0.006313275,,
2.831953172,-0.095934773,,
2.736018399,-0.002828514,,
2.733189885,-0.006430878,,
2.726759007,-0.00531858,,
2.721440427,-0.045524707,,
2.67591572,-0.072471923,,
2.603443797,-0.014594649,,
2.588849148,-0.004360629,,
2.584488519,-0.004544426,,
2.579944092,-0.002092912,,
2.577851181,-0.02912872,,
2.548722461,-0.000416809,,
2.548305652,-0.040598896,,
2.507706756,-0.002746306,,
2.50496045,-0.001708037,,
2.503252413,-0.009311173,,
2.49394124,-0.000110107,,
2.493831133,-0.004818695,,
2.489012439,-0.00097794,,
2.488034498,-0.030613849,,
2.45742065,-0.026477303,,
2.430943347,-0.004617992,,
2.426325355,-0.1803499,,
2.245975455,-0.000377231,,
2.245598224,-0.004573638,,
2.241024585,-0.029363913,,
2.211660672,-9.70E-05,,
2.211563697,-0.000954716,,
2.210608981,-0.008171854,,
2.202437126,-0.006728123,,
2.195709003,-0.010416086,,
2.185292917,-0.001228331,,
2.184064587,-0.00013598,,
2.183928606,-0.017718283,,
2.166210323,-0.037253707,,
2.128956616,-0.01705621,,
2.111900407,-0.001230003,,
2.110670403,-0.005788763,,
2.104881641,-0.01361824,,
2.091263401,-0.017774022,,
2.073489379,-0.002985217,,
2.070504161,-1.30E-05,,
2.070491143,-0.022062331,,
2.048428811,-0.00182657,,
2.046602242,-0.014281766,,
2.032320476,-0.001011811,,
2.031308665,-0.059295798,,
1.972012866,-3.94E-05,,
1.971973458,-0.011179108,,
1.96079435,-0.01628968,,
1.94450467,-0.002712903,,
1.941791766,-0.003347515,,
1.938444251,-0.060445076,,
1.877999176,-0.018579972,,
1.859419203,-0.00829846,,
1.851120744,-0.045039461,,
1.806081283,-0.027492231,,
1.778589052,-0.019898548,,
1.758690504,-0.006583022,,
1.752107482,-0.01984878,,
1.732258702,-0.013060687,,
1.719198015,-0.014553529,,
1.704644486,-0.000129939,,
1.704514548,-0.000489271,,
1.704025277,-0.002261205,,
1.701764072,-0.001824553,,
1.699939519,-0.050154783,,
1.649784736,-0.011526737,,
1.638257999,-0.014250935,,
1.624007063,-0.002341623,,
1.62166544,-0.000863844,,
1.620801596,-0.071466837,,
1.549334759,-0.00264812,,
1.546686639,-0.013590895,,
1.533095745,-0.051869145,,
1.4812266,-0.024809613,,
1.456416986,0.001182451,,
1.457599437,-0.006172748,,
1.45142669,-0.004581757,,
1.446844933,-2.26E-05,,
1.446822345,-0.027381218,,
1.419441127,-0.020688566,,
1.39875256,-0.000381968,,
1.398370592,-0.02148057,,
1.376890022,-0.034532002,,
1.34235802,-0.089600343,,
1.252757677,-0.002599201,,
1.250158476,-0.005796693,,
1.244361783,-0.010878973,,
1.233482809,-0.000924082,,
1.232558727,-0.000259872,,
1.232298855,-0.026965703,,
1.205333153,-0.007028369,,
1.198304784,-0.020922941,,
1.177381843,-0.005709161,,
1.171672681,-0.002443961,,
1.169228721,-0.007139493,,
1.162089228,-3.32E-05,,
1.162056067,-0.02536342,,
1.136692647,0.021698836,,
1.158391483,-0.001099368,,
1.157292115,-0.003538081,,
1.153754034,-0.021061428,,
1.132692606,-0.003336877,,
1.129355729,-0.000127657,,
1.129228071,-4.60E-05,,
1.129182043,-0.000280417,,
1.128901626,-0.003766408,,
1.125135218,1.46E-05,,
1.125149775,-0.00680293,,
1.118346845,-0.022716016,,
1.095630829,-6.60E-08,,
1.095630763,-0.015498321,,
1.080132442,-0.011378491,,
1.06875395,-0.008491105,,
1.060262845,-0.006647289,,
1.053615556,-0.001360895,,
1.052254661,-0.001915378,,
1.050339282,-0.000419899,,
1.049919384,-0.001633457,,
1.048285927,-0.000143098,,
1.048142829,-0.007603497,,
1.040539332,-0.014007905,,
1.026531427,-0.001173605,,
1.025357822,-1.60E-05,,
1.025341826,-0.011983858,,
1.013357968,-1.98E-09,,
1.013357966,-0.000949019,,
1.012408946,-0.015603669,,
0.996805277,-4.42E-05,,
0.996761107,-0.002763689,,
0.993997418,-0.006747253,,
0.987250165,-0.000773338,,
0.986476827,-0.013181188,,
0.973295639,-0.001892199,,
0.97140344,-0.002505619,,
0.968897821,-0.00143705,,
0.967460771,-5.74E-05,,
0.967403374,-5.04E-05,,
0.967353002,-0.013813047,,
0.953539955,-0.008020032,,
0.945519923,-0.00036585,,
0.945154072,-0.002152536,,
0.943001537,-0.005518346,,
0.937483191,3.39E-06,,
0.937486576,-0.020564554,,
0.916922022,-0.045783979,,
0.871138043,-0.010129155,,
0.861008888,-0.000677111,,
0.860331777,-0.006234282,,
0.854097495,-0.000210685,,
0.85388681,-0.039459644,,
0.814427166,-0.003442933,,
0.810984233,-0.005535882,,
0.805448352,-0.000133618,,
0.805314733,-1.40E-05,,
0.805300723,-0.000105919,,
0.805194805,-0.001629097,,
0.803565708,-0.006630193,,
0.796935515,-0.010574802,,
0.786360713,-2.98E-05,,
0.786330944,-0.093517878,,
0.692813066,-0.000228033,,
0.692585033,-0.000545158,,
0.692039876,-1.27E-06,,
0.692038604,-0.005466468,,
0.686572136,-1.27E-05,,
0.686559432,-4.07E-07,,
0.686559025,-0.000102609,,
0.686456417,-0.004099853,,
0.682356563,-3.97E-05,,
0.68231684,-1.11E-05,,
0.682305756,-0.013405979,,
0.668899777,-0.010627077,,
0.6582727,-2.04E-05,,
0.658252307,-0.000237957,,
0.65801435,-0.00140496,,
0.65660939,-0.001579125,,
0.655030265,-0.003293908,,
0.651736357,-0.01372974,,
0.638006617,-0.000443857,,
0.63756276,-0.000471676,,
0.637091084,-0.010843687,,
0.626247396,-0.003495669,,
0.622751727,-0.004596577,,
0.618155151,-0.000193377,,
0.617961774,-4.35E-06,,
0.617957426,-0.004819564,,
0.613137862,-0.001724246,,
0.611413616,-0.021396032,,
0.590017584,-0.010271409,,
0.579746175,-0.000556513,,
0.579189662,-7.98E-06,,
0.579181685,-0.003517845,,
0.57566384,-0.002167352,,
0.573496488,-0.002308268,,
0.57118822,-0.000137274,,
0.571050946,-8.77E-08,,
0.571050859,-0.000736227,,
0.570314632,-0.000539326,,
0.569775306,-0.003404813,,
0.566370493,-2.80E-06,,
0.566367691,-0.000129631,,
0.56623806,-7.22E-06,,
0.566230838,-0.012237607,,
0.55399323,-8.68E-06,,
0.553984552,-0.009883744,,
0.544100808,-8.06E-06,,
0.544092753,-0.000182321,,
0.543910432,-0.000871031,,
0.543039401,-0.000532982,,
0.542506419,-9.29E-06,,
0.542497127,-9.59E-05,,
0.542401205,-2.22E-07,,
0.542400983,-1.37E-07,,
0.542400846,-0.002291935,,
0.540108911,-6.16E-05,,
0.540047301,-0.000225881,,
0.53982142,-0.00482264,,
0.534998779,-0.000283477,,
0.534715303,-0.003463519,,
0.531251784,-9.18E-08,,
0.531251692,-0.00549644,,
0.525755252,-8.70E-05,,
0.525668272,-0.016902085,,
0.508766187,-0.010496134,,
0.498270053,-0.002899302,,
0.495370751,-0.011848013,,
0.483522738,-0.0035255,,
0.479997238,-0.016367865,,
0.463629373,-0.005191721,,
0.458437653,-3.23E-06,,
0.45843442,-1.65E-09,,
0.458434418,-0.002138416,,
0.456296002,-0.001133651,,
0.455162351,-0.009991064,,
0.445171287,-0.004358719,,
0.440812568,-0.003054729,,
0.437757839,-1.11E-05,,
0.437746748,-2.98E-06,,
0.437743767,-0.008020166,,
0.429723601,-6.41E-06,,
0.429717194,-0.001213042,,
0.428504152,-0.001137781,,
0.427366371,-0.000633682,,
0.426732689,-0.00076324,,
0.425969449,-0.000905139,,
0.42506431,-2.12E-06,,
0.425062195,-0.001238838,,
0.423823356,-1.15E-05,,
0.423811855,-0.001435963,,
0.422375892,-0.000473427,,
0.421902465,-0.002927378,,
0.418975087,-4.63E-05,,
0.418928746,-1.20E-06,,
0.418927546,-0.000253313,,
0.418674233,-1.28E-05,,
0.418661407,-0.00131244,,
0.417348966,-0.000125842,,
0.417223125,-0.00038688,,
0.416836245,-2.39E-05,,
0.416812308,-0.000988197,,
0.415824112,-2.82E-07,,
0.41582383,-0.000162326,,
0.415661504,-0.005214707,,
0.410446797,-0.006626184,,
0.403820613,-0.000608168,,
0.403212445,-1.99E-05,,
0.403192506,-1.89E-06,,
0.403190618,-0.002415662,,
0.400774956,-0.006043889,,
0.394731067,-0.000193536,,
0.394537532,-9.13E-07,,
0.394536618,-0.000178485,,
0.394358133,-0.000633227,,
0.393724906,-0.000531399,,
0.393193507,-1.48E-05,,
0.393178749,-1.17E-07,,
0.393178632,-9.58E-05,,
0.393082864,4.22E-05,,
0.393125039,-0.011035834,,
0.382089205,-0.001173088,,
0.380916117,-0.002587572,,
0.378328545,-7.34E-07,,
0.378327812,-0.005514262,,
0.37281355,-1.14E-05,,
0.372802167,-0.000674629,,
0.372127539,-0.013121122,,
0.359006417,-2.66E-07,,
0.35900615,-9.44E-06,,
0.358996715,-0.000543046,,
0.358453669,0,,
0.358453669,-0.000426601,,
0.358027068,-8.33E-08,,
0.358026985,-0.00115987,,
0.356867115,-1.27E-10,,
0.356867115,-1.32E-05,,
0.356853956,-0.003155938,,Normal:
0.353698018,0,,0.6319162
The best result of this GA is:,,,
0.06347969,,,0.10259148
================,,,
GA4:,,,
fitness, slope,,
2540.080233,-139.427892,,
2400.652341,-189.9863229,,
2210.666018,-170.0209214,,
2040.645097,-188.5544618,,
1852.090635,-109.4198533,,
1742.670781,-124.4095683,,
1618.261213,-90.98661791,,
1527.274595,-109.5357759,,
1417.738819,-101.1979738,,
1316.540846,-77.11502857,,
1239.425817,-110.2137883,,
1129.212029,-52.4774285,,
1076.7346,-74.32457595,,
1002.410024,-58.09894698,,
944.3110772,-48.48380461,,
895.8272726,-55.5093148,,
840.3179578,-50.29171124,,
790.0262466,-57.03391975,,
732.9923268,-30.64004327,,
702.3522836,-40.31838255,,
662.033901,-58.16366889,,
603.8702321,-23.60380729,,
580.2664248,-28.85010859,,
551.4163162,-34.38554406,,
517.0307722,-37.04462535,,
479.9861468,-39.45684202,,
440.5293048,-24.69558604,,
415.8337188,-30.5212984,,
385.3124204,-19.97120623,,
365.3412141,-14.27876786,,
351.0624463,-26.4584041,,
324.6040422,-20.29615318,,
304.307889,-4.961649939,,
299.3462391,-24.28432747,,
275.0619116,-15.88561858,,
259.176293,-14.3136321,,
244.8626609,-23.35169819,,
221.5109627,-9.143087933,,
212.3678748,-16.03799149,,
196.3298833,-7.760134978,,
188.5697483,-3.979189145,,
184.5905592,-18.12773864,,
166.4628205,-8.490690201,,
157.9721303,-9.107316534,,
148.8648138,-5.41201073,,
143.4528031,-11.44093321,,
132.0118699,-7.853906339,,
124.1579635,-8.79231834,,
115.3656452,-7.223956004,,
108.1416892,-9.655392928,,
98.48629625,-3.837629793,,
94.64866645,-4.058006934,,
90.59065952,-3.402255483,,
87.18840404,-5.620932897,,
81.56747114,-1.467131439,,
80.1003397,-3.555609371,,
76.54473033,-0.805960257,,
75.73877007,-4.782004689,,
70.95676539,-3.097063597,,
67.85970179,-4.363046218,,
63.49665557,-2.615454698,,
60.88120087,-2.484339482,,
58.39686139,-5.212557952,,
53.18430344,-2.829666492,,
50.35463695,-2.349101129,,
48.00553582,-8.731113161,,
39.27442265,0.550243035,,
39.82466569,-1.606781881,,
38.21788381,-1.724805652,,
36.49307816,-1.434686635,,
35.05839152,-1.978113177,,
33.08027835,-1.546833809,,
31.53344454,-0.682948909,,
30.85049563,-1.462770504,,
29.38772512,-1.252432222,,
28.1352929,-0.837559073,,
27.29773383,-0.8917484,,
26.40598543,-2.411436015,,
23.99454941,-0.431273489,,
23.56327592,-1.857978653,,
21.70529727,-0.58500278,,
21.12029449,-1.392934804,,
19.72735969,-2.927044797,,
16.80031489,-0.522381892,,
16.277933,-1.151883069,,
15.12604993,-0.327157955,,
14.79889197,-1.250276406,,
13.54861557,-0.168820389,,
13.37979518,-0.23874555,,
13.14104963,-0.242668974,,
12.89838066,-0.269193774,,
12.62918688,-0.477863932,,
12.15132295,-0.639308713,,
11.51201424,-0.426599325,,
11.08541491,-0.140715619,,
10.94469929,-0.100343802,,
10.84435549,-0.383730982,,
10.46062451,-0.284433364,,
10.17619115,-0.136339898,,
10.03985125,-0.220305944,,
9.819545304,-0.186896756,,
9.632648548,-0.34616809,,
9.286480458,-0.065299668,,
9.22118079,-0.273499523,,
8.947681267,-0.143376431,,
8.804304836,-0.063347182,,
8.740957654,-0.16056303,,
8.580394624,-0.213695803,,
8.366698821,-0.177848452,,
8.188850369,-0.234458356,,
7.954392013,-0.201085699,,
7.753306314,-0.400377983,,
7.35292833,-0.09513427,,
7.257794061,-0.389841344,,
6.867952717,-0.091421771,,
6.776530946,-0.147771506,,
6.62875944,-0.014751289,,
6.614008152,-0.047142181,,
6.56686597,-0.07563102,,
6.49123495,-0.054474063,,
6.436760887,-0.410803192,,
6.025957695,-0.027298213,,
5.998659482,-0.011527141,,
5.987132342,-0.080297354,,
5.906834988,-0.306954245,,
5.599880742,-0.146219569,,
5.453661173,-0.068010123,,
5.38565105,-0.039742241,,
5.345908808,-0.097316641,,
5.248592168,-0.023456311,,
5.225135857,-0.062576358,,
5.162559499,0.007860489,,
5.170419989,-0.048799327,,
5.121620662,-0.029007839,,
5.092612823,-0.018741607,,
5.073871216,-0.06893026,,
5.004940956,-0.082759407,,
4.92218155,-0.031728477,,
4.890453073,-0.208908105,,
4.681544968,-0.135848853,,
4.545696115,-0.081627614,,
4.464068501,-0.031817965,,
4.432250536,-0.011424459,,
4.420826076,-0.065130593,,
4.355695484,-0.063324462,,
4.292371022,-0.020577884,,
4.271793138,-0.012498758,,
4.25929438,-0.164067236,,
4.095227144,-0.04770995,,
4.047517194,-0.025177458,,
4.022339736,-0.01882365,,
4.003516086,-0.004933509,,
3.998582577,-0.055655083,,
3.942927494,-0.006686478,,
3.936241016,-0.144924377,,
3.791316639,-0.044228717,,
3.747087922,-0.012925458,,
3.734162464,-0.01184649,,
3.722315974,-0.215380278,,
3.506935696,-0.02134849,,
3.485587206,-0.08628584,,
3.399301366,-0.02575174,,
3.373549626,-0.049154168,,
3.324395458,-0.021780728,,
3.30261473,-0.450328219,,
2.852286512,-0.110084259,,
2.742202252,-0.003271983,,
2.738930269,-0.003572084,,
2.735358185,-0.017670045,,
2.717688141,-0.002192112,,
2.715496029,-0.024003188,,
2.691492841,-0.003551933,,
2.687940908,-0.041083616,,
2.646857292,-0.036507543,,
2.610349749,-0.028517969,,
2.581831781,-0.035435501,,
2.546396279,-0.080634651,,
2.465761628,-0.062066942,,
2.403694686,-0.016260579,,
2.387434107,-0.048393463,,
2.339040644,0.001155426,,
2.34019607,-0.03564144,,
2.30455463,-0.119795633,,
2.184758997,-0.018618712,,
2.166140285,-0.027169316,,
2.138970969,-0.002340604,,
2.136630364,-0.043031159,,
2.093599206,-0.002805752,,
2.090793454,-0.002931548,,
2.087861906,-0.020299923,,
2.067561982,-0.000933669,,
2.066628313,-0.027368236,,
2.039260077,-0.024278205,,
2.014981871,-0.021536901,,
1.993444971,-0.100194285,,
1.893250686,-0.001434599,,
1.891816087,-0.002107361,,
1.889708727,-0.007440988,,
1.882267739,-0.003253118,,
1.879014621,-0.008512014,,
1.870502607,-0.041874592,,
1.828628015,-0.001582383,,
1.827045632,-0.046462078,,
1.780583553,-0.069929029,,
1.710654524,-0.003097803,,
1.707556721,-0.022064666,,
1.685492055,-0.019768673,,
1.665723382,-0.007224451,,
1.65849893,-0.002104193,,
1.656394737,-0.001997969,,
1.654396768,-0.0009213,,
1.653475467,-0.003261617,,
1.65021385,-0.008073205,,
1.642140646,-0.002389564,,
1.639751082,-0.009404598,,
1.630346483,-0.006207884,,
1.6241386,-0.010206374,,
1.613932226,-0.019568867,,
1.594363359,-0.060688189,,
1.53367517,-0.074233476,,
1.459441694,-0.016494081,,
1.442947613,-0.008654634,,
1.434292979,-0.001886146,,
1.432406832,-0.197503764,,
1.234903069,-0.004365169,,
1.2305379,0.006766609,,
1.237304509,-0.0017872,,
1.23551731,-0.034762979,,
1.20075433,-0.022741682,,
1.178012648,-0.053933487,,
1.124079161,-0.116543779,,
1.007535382,-0.013415939,,
0.994119443,-0.014446574,,
0.979672869,-0.003932908,,
0.975739961,-0.001484774,,
0.974255187,-0.02274906,,
0.951506127,-0.015048756,,
0.936457371,-0.003501517,,
0.932955854,-0.006667715,,
0.92628814,-0.001732579,,
0.924555561,-0.005124762,,
0.919430798,-0.003350406,,
0.916080392,-0.007384197,,
0.908696195,-0.001483694,,
0.907212501,-0.001469383,,
0.905743117,-0.022665325,,
0.883077793,-0.002215395,,
0.880862397,-0.005247259,,
0.875615138,-0.003234835,,
0.872380303,-0.012881815,,
0.859498488,-0.001267342,,
0.858231146,-0.008030501,,
0.850200645,-0.00494697,,
0.845253675,-0.027657403,,
0.817596272,-0.001204186,,
0.816392086,-4.65E-05,,
0.81634558,-0.009365674,,
0.806979907,-0.03200371,,
0.774976196,-0.011852182,,
0.763124014,-0.007404116,,
0.755719899,-0.004849229,,
0.750870669,-0.003192125,,
0.747678545,-0.001940807,,
0.745737738,-0.002054781,,
0.743682957,-0.001779343,,
0.741903614,-0.001344397,,
0.740559218,-0.002980145,,
0.737579072,-0.000213263,,
0.737365809,-0.001841004,,
0.735524805,-0.000253987,,
0.735270818,-0.001760554,,
0.733510264,-9.12E-05,,
0.733419018,-0.009325194,,
0.724093825,-0.001467809,,
0.722626016,-0.000464945,,
0.722161071,-0.00230311,,
0.719857961,-0.00473932,,
0.715118641,-0.001495627,,
0.713623014,-0.00137361,,
0.712249405,-0.000472034,,
0.711777371,-0.004764287,,
0.707013084,-0.000165514,,
0.70684757,-5.14E-05,,
0.706796217,-7.41E-05,,
0.706722129,-0.010720885,,
0.696001245,-0.003122158,,
0.692879087,-0.000122496,,
0.692756591,-0.010916876,,
0.681839714,-0.004362,,
0.677477714,-0.005577909,,
0.671899805,-0.008400173,,
0.663499633,-0.001664852,,
0.661834781,-0.001027432,,
0.660807348,-0.000599443,,
0.660207906,-0.000260971,,
0.659946934,-0.032607485,,
0.627339449,-0.00117099,,
0.626168459,-0.000877083,,
0.625291377,-0.00038114,,
0.624910237,-0.0139132,,
0.610997037,-0.000483295,,
0.610513741,-0.000156492,,
0.610357249,-0.003442266,,
0.606914983,-0.002301418,,
0.604613565,-0.001435713,,
0.603177852,-0.000926037,,
0.602251815,-0.003388254,,
0.59886356,-9.25E-05,,
0.598771023,-0.04615774,,
0.552613283,-0.004541079,,
0.548072205,-0.001701513,,
0.546370692,-0.001174361,,
0.54519633,-0.000402591,,
0.544793739,-0.047677534,,
0.497116205,-0.005121483,,
0.491994721,-0.003894872,,
0.488099849,-0.000332514,,
0.487767335,-7.05E-06,,
0.487760284,-0.000219694,,
0.48754059,-0.000114126,,
0.487426464,-3.45E-05,,
0.487392002,-0.000918582,,
0.48647342,-0.000324866,,
0.486148554,-0.001217003,,
0.484931551,-0.001109286,,
0.483822265,-0.000654886,,
0.483167379,-0.001692938,,
0.481474441,-0.00053344,,
0.480941001,-0.000325687,,
0.480615314,-0.000865619,,
0.479749695,-0.000802191,,
0.478947504,-0.000534837,,
0.478412667,-0.033545954,,
0.444866713,-0.000272697,,
0.444594016,-0.001196173,,
0.443397843,-1.29E-05,,
0.443384944,-0.002431903,,
0.440953041,-0.000560669,,
0.440392372,-1.95E-05,,
0.440372832,-5.23E-05,,
0.440320507,-8.39E-06,,
0.440312114,-0.019892976,,
0.420419138,-0.015983113,,
0.404436026,-0.028925369,,
0.375510657,-0.001970032,,
0.373540625,-0.002091111,,
0.371449513,-0.000922407,,
0.370527106,-0.000593284,,
0.369933822,-0.004409148,,
0.365524674,-0.003933964,,
0.36159071,-0.001950362,,
0.359640348,-0.001452985,,
0.358187363,-0.000616234,,
0.357571129,-2.04E-06,,
0.357569089,-2.15E-05,,
0.357547624,-1.87E-05,,
0.357528956,-4.17E-06,,
0.357524784,-8.66E-05,,
0.357438192,-0.004590653,,
0.352847539,-0.004860556,,
0.347986983,-0.009025781,,
0.338961202,-0.007608742,,
0.33135246,-0.004511735,,
0.326840724,-0.000823851,,
0.326016874,-0.00517004,,
0.320846833,-0.00251445,,
0.318332384,-0.001037083,,
0.317295301,-0.000698371,,
0.31659693,-0.008644998,,
0.307951932,-0.000727744,,
0.307224188,-0.0042835,,
0.302940687,-0.004596527,,
0.298344161,-0.001895273,,
0.296448887,-0.001071075,,
0.295377812,-0.000110431,,
0.295267381,-0.001130667,,
0.294136714,-0.000321692,,
0.293815022,-0.000190787,,
0.293624235,-0.006263796,,
0.287360439,-0.001588355,,
0.285772084,-0.010620624,,
0.275151459,1.19E-05,,
0.275163384,-0.004424281,,
0.270739103,-0.00033249,,
0.270406613,-0.004401099,,
0.266005514,-0.007402071,,
0.258603443,-0.00160764,,
0.256995803,-0.000455119,,
0.256540684,-0.000100902,,
0.256439782,-6.56E-05,,
0.256374211,-0.000526778,,
0.255847433,-2.22E-05,,
0.255825191,-0.001467787,,
0.254357403,-1.12E-05,,
0.254346201,-3.26E-05,,
0.254313561,-7.50E-06,,
0.254306058,-0.003072093,,
0.251233965,-0.001090352,,
0.250143613,-0.001459055,,
0.248684557,-0.004362421,,
0.244322136,-0.001069413,,
0.243252723,-0.003271059,,
0.239981664,-0.00198782,,
0.237993845,-0.000440866,,
0.237552979,-0.000472548,,
0.23708043,-5.29E-05,,
0.237027506,-0.000107655,,
0.236919851,-0.003458309,,
0.233461542,-1.28E-05,,
0.233448728,-0.001255363,,
0.232193365,-5.64E-06,,
0.232187727,-0.000134221,,
0.232053506,-1.60E-05,,
0.232037468,-4.70E-05,,
0.231990453,-0.000738924,,
0.231251529,-0.000857315,,
0.230394214,-0.001220851,,
0.229173364,-0.001360946,,
0.227812417,-0.001901508,,
0.225910909,-0.000888467,,
0.225022442,-9.71E-05,,
0.224925307,-5.55E-06,,
0.224919757,-4.97E-07,,
0.22491926,-0.001431479,,
0.223487781,-0.000224458,,
0.223263323,-0.000450821,,
0.222812502,-0.01641903,,
0.206393472,-0.000232729,,
0.206160743,-0.000474544,,
0.205686199,-7.55E-05,,
0.205610725,-0.002090059,,
0.203520666,-0.001476766,,
0.2020439,-0.001012453,,
0.201031447,-1.49E-06,,
0.201029957,-1.74E-05,,
0.201012571,-2.28E-05,,
0.200989749,-7.59E-06,,
0.20098216,-1.83E-05,,
0.200963821,-0.002587896,,
0.198375925,-0.000725143,,
0.197650781,-7.88E-05,,
0.197571941,-3.18E-08,,
0.19757191,-1.41E-05,,
0.197557853,-1.43E-06,,
0.197556425,-6.80E-07,,
0.197555745,-0.000209422,,
0.197346323,-0.000756361,,
0.196589962,-0.00046498,,
0.196124982,-0.000253129,,
0.195871853,-0.000157516,,
0.195714337,-0.001430541,,
0.194283796,-9.60E-05,,
0.194187822,-3.94E-05,,
0.194148415,-2.93E-06,,
0.194145487,-1.05E-06,,
0.194144437,-0.001272646,,
0.192871791,-0.001527946,,
0.191343845,-0.002859919,,
0.188483926,-0.001889731,,
0.186594195,-0.009994351,,
0.176599844,-3.87E-05,,
0.176561129,-2.65E-07,,
0.176560864,-8.03E-05,,
0.176480587,-0.001882519,,
0.174598068,-1.55E-06,,
0.174596521,-1.90E-06,,
0.174594619,-0.000221115,,
0.174373503,-9.51E-07,,
0.174372552,-5.77E-06,,
0.17436678,-4.43E-05,,
0.174322516,2.37E-07,,
0.174322753,-3.53E-05,,
0.174287482,-3.54E-05,,
0.174252122,-0.000224038,,
0.174028084,-0.01044542,,
0.163582664,-0.000102315,,
0.163480349,-0.000398049,,
0.163082301,-1.80E-05,,
0.163064295,-2.62E-05,,
0.163038098,-4.24E-05,,
0.162995746,-2.36E-05,,
0.162972136,-0.000278199,,
0.162693937,-9.21E-05,,
0.162601811,-0.001146549,,
0.161455262,-1.43E-05,,
0.161441002,5.68E-05,,
0.161497822,-2.84E-06,,
0.161494982,-0.001647312,,
0.15984767,-0.000194859,,
0.159652811,-0.000119546,,
0.159533265,-0.001047065,,
0.158486201,-0.004234934,,
0.154251267,-0.000439897,,
0.15381137,-0.00032175,,
0.15348962,-5.69E-05,,
0.15343276,-0.000352063,,
0.153080697,-0.000744394,,
0.152336303,-9.15E-05,,
0.152244835,-4.90E-05,,normal:
0.152195875,0,,0.263247711
The best result of this GA is:,,,
0.013994342,,,0.026413404
